pais,año,empleo,desempleo,actividad,absentismo,parados_larga_dur,horas_hab_trabajadas,poblacion_neet,empleo_yoy,desempleo_yoy,actividad_yoy,absentismo_yoy,parados_larga_dur_yoy,horas_hab_trab_yoy,poblacion_neet_yoy,region,region_codificada,nivel_desempleo
Austria,2009,73.4,4.1,77.5,11.88,25.8,38,10.0,,,,,,,,Norte (Estable),2,Bajo (<5%)
Austria,2010,73.9,3.8,77.7,11.7,30.5,38,9.5,"0,68%","-7,32%","0,26%","-1,47%","18,22%","-0,65%","-5,00%",Norte (Estable),2,Bajo (<5%)
Austria,2011,74.2,3.6,77.8,11.55,31.3,38,8.9,"0,41%","-5,26%","0,13%","-1,28%","2,62%","-0,20%","-6,32%",Norte (Estable),2,Bajo (<5%)
Austria,2012,74.4,3.9,78.3,12.0,29.6,38,8.6,"0,27%","8,33%","0,64%","3,90%","-5,43%","-0,53%","-3,37%",Norte (Estable),2,Bajo (<5%)
Austria,2013,74.6,4.3,78.9,12.33,28.9,37,9.0,"0,27%","10,26%","0,77%","2,71%","-2,36%","-0,99%","4,65%",Norte (Estable),2,Bajo (<5%)
Austria,2014,74.2,4.6,78.8,11.45,32.3,37,9.7,"-0,54%","6,98%","-0,13%","-7,10%","11,76%","-1,00%","7,78%",Norte (Estable),2,Bajo (<5%)
Austria,2015,74.3,4.7,79.0,12.08,34.7,37,9.0,"0,13%","2,17%","0,25%","5,46%","7,43%","-0,34%","-7,22%",Norte (Estable),2,Bajo (<5%)
Austria,2016,74.8,5.0,79.8,11.4,38.2,37,9.3,"0,67%","6,38%","1,01%","-5,59%","10,09%","-0,20%","3,33%",Norte (Estable),2,Medio (5-10%)
Austria,2017,75.4,4.6,80.0,11.85,40.1,37,8.8,"0,80%","-8,00%","0,25%","3,95%","4,97%","-0,27%","-5,38%",Norte (Estable),2,Bajo (<5%)
Austria,2018,76.2,4.0,80.2,12.53,34.3,37,8.8,"1,06%","-13,04%","0,25%","5,70%","-14,46%","0,14%","0,00%",Norte (Estable),2,Bajo (<5%)
Austria,2019,76.8,3.7,80.5,12.0,29.6,37,8.6,"0,79%","-7,50%","0,37%","-4,19%","-13,70%","-0,14%","-2,27%",Norte (Estable),2,Bajo (<5%)
Austria,2020,74.8,4.7,79.5,15.7,28.8,37,9.9,"-2,60%","27,03%","-1,24%","30,83%","-2,70%","-0,34%","15,12%",Norte (Estable),2,Bajo (<5%)
Austria,2021,75.6,4.8,80.4,12.5,32.9,36,9.4,"1,07%","2,13%","1,13%","-20,38%","14,24%","-1,37%","-5,05%",Norte (Estable),2,Bajo (<5%)
Austria,2022,77.3,3.7,80.9,12.3,26.6,36,9.1,"2,25%","-22,92%","0,62%","-1,60%","-19,15%","-0,35%","-3,19%",Norte (Estable),2,Bajo (<5%)
Austria,2023,77.2,3.9,81.1,11.7,23.4,36,9.4,"-0,13%","5,41%","0,25%","-4,88%","-12,03%","-0,07%","3,30%",Norte (Estable),2,Bajo (<5%)
Austria,2024,77.4,4.0,81.4,13.98,22.9,36,9.2,"0,26%","2,56%","0,37%","19,44%","-2,14%","-0,56%","-2,13%",Norte (Estable),2,Bajo (<5%)
Austria,2025,77.6,4.5,82.1,14.13,24.1,36,10.3,"0,26%","12,50%","0,86%","1,07%","5,24%","0,49%","11,96%",Norte (Estable),2,Bajo (<5%)
Bélgica,2009,67.1,5.6,72.8,10.95,41.8,37,12.2,,,,,,,,Centro / Otros,1,Medio (5-10%)
Bélgica,2010,67.6,6.0,73.5,10.55,46.1,37,12.3,"0,75%","7,14%","0,96%","-3,65%","10,29%","0,41%","0,82%",Centro / Otros,1,Medio (5-10%)
Bélgica,2011,67.3,5.0,72.3,10.6,45.7,37,13.1,"-0,44%","-16,67%","-1,63%","0,47%","-0,87%","-0,07%","6,50%",Centro / Otros,1,Medio (5-10%)
Bélgica,2012,67.2,5.4,72.6,9.95,41.8,37,13.6,"-0,15%","8,00%","0,41%","-6,13%","-8,53%","0,14%","3,82%",Centro / Otros,1,Medio (5-10%)
Bélgica,2013,67.2,6.1,73.3,10.3,42.8,37,14.1,"0,00%","12,96%","0,96%","3,52%","2,39%","0,94%","3,68%",Centro / Otros,1,Medio (5-10%)
Bélgica,2014,67.3,6.2,73.5,10.18,46.5,37,13.3,"0,15%","1,64%","0,27%","-1,21%","8,64%","-0,40%","-5,67%",Centro / Otros,1,Medio (5-10%)
Bélgica,2015,67.2,6.3,73.4,10.85,48.1,37,13.6,"-0,15%","1,61%","-0,14%","6,63%","3,44%","-0,07%","2,26%",Centro / Otros,1,Medio (5-10%)
Bélgica,2016,67.7,5.7,73.4,10.1,48.1,37,12.2,"0,74%","-9,52%","0,00%","-6,91%","0,00%","-0,20%","-10,29%",Centro / Otros,1,Medio (5-10%)
Bélgica,2017,68.5,5.2,73.7,9.63,45.6,38,11.8,"1,18%","-8,77%","0,41%","-4,70%","-5,20%","1,21%","-3,28%",Centro / Otros,1,Medio (5-10%)
Bélgica,2018,69.7,4.4,74.1,10.2,45.8,37,11.4,"1,75%","-15,38%","0,54%","5,97%","0,44%","-0,53%","-3,39%",Centro / Otros,1,Bajo (<5%)
Bélgica,2019,70.5,4.0,74.5,10.45,40.9,37,11.2,"1,15%","-9,09%","0,54%","2,45%","-10,70%","0,13%","-1,75%",Centro / Otros,1,Bajo (<5%)
Bélgica,2020,69.7,4.1,73.8,14.9,39.4,37,11.3,"-1,13%","2,50%","-0,94%","42,58%","-3,67%","0,00%","0,89%",Centro / Otros,1,Bajo (<5%)
Bélgica,2021,70.6,4.5,75.1,11.85,43.7,37,10.1,"1,29%","9,76%","1,76%","-20,47%","10,91%","-1,40%","-10,62%",Centro / Otros,1,Bajo (<5%)
Bélgica,2022,71.9,4.0,76.0,10.83,43.5,37,9.2,"1,84%","-11,11%","1,20%","-8,65%","-0,46%","0,00%","-8,91%",Centro / Otros,1,Bajo (<5%)
Bélgica,2023,72.1,4.0,76.1,11.38,42.2,37,9.6,"0,28%","0,00%","0,13%","5,08%","-2,99%","-0,74%","4,35%",Centro / Otros,1,Bajo (<5%)
Bélgica,2024,72.3,4.1,76.4,10.93,38.7,37,9.9,"0,28%","2,50%","0,39%","-3,96%","-8,29%","-0,27%","3,13%",Centro / Otros,1,Bajo (<5%)
Bélgica,2025,72.8,4.5,77.4,11.28,34.2,37,9.8,"0,69%","9,76%","1,31%","3,20%","-11,63%","0,00%","-1,01%",Centro / Otros,1,Bajo (<5%)
Bulgaria,2009,68.2,5.6,73.8,2.88,45.2,41,20.8,,,,,,,,Centro / Otros,1,Medio (5-10%)
Bulgaria,2010,64.1,8.0,72.0,2.85,47.6,41,23.4,"-6,01%","42,86%","-2,44%","-0,87%","5,31%","-0,42%","12,50%",Centro / Otros,1,Medio (5-10%)
Bulgaria,2011,62.3,8.5,70.9,2.43,57.7,41,24.7,"-2,81%","6,25%","-1,53%","-14,91%","21,22%","-0,79%","5,56%",Centro / Otros,1,Medio (5-10%)
Bulgaria,2012,62.4,9.3,71.7,2.98,57.1,41,24.7,"0,16%","9,41%","1,13%","22,68%","-1,04%","-0,37%","0,00%",Centro / Otros,1,Medio (5-10%)
Bulgaria,2013,62.9,10.0,72.9,2.75,59.2,41,25.7,"0,80%","7,53%","1,67%","-7,56%","3,68%","-0,06%","4,05%",Centro / Otros,1,Alto (>10%)
Bulgaria,2014,64.4,9.1,73.5,2.63,62.0,41,23.9,"2,38%","-9,00%","0,82%","-4,55%","4,73%","0,25%","-7,00%",Centro / Otros,1,Medio (5-10%)
Bulgaria,2015,66.5,7.4,73.9,2.65,62.8,41,22.2,"3,26%","-18,68%","0,54%","0,95%","1,29%","0,12%","-7,11%",Centro / Otros,1,Medio (5-10%)
Bulgaria,2016,67.0,6.3,73.3,2.7,60.5,41,22.4,"0,75%","-14,86%","-0,81%","1,89%","-3,66%","-0,12%","0,90%",Centro / Otros,1,Medio (5-10%)
Bulgaria,2017,70.6,5.4,76.1,2.55,56.8,41,18.9,"5,37%","-14,29%","3,82%","-5,56%","-6,12%","-0,06%","-15,63%",Centro / Otros,1,Medio (5-10%)
Bulgaria,2018,71.7,4.7,76.4,2.58,60.2,41,18.1,"1,56%","-12,96%","0,39%","0,98%","5,99%","-0,12%","-4,23%",Centro / Otros,1,Bajo (<5%)
Bulgaria,2019,74.3,4.1,78.4,2.38,58.6,41,16.6,"3,63%","-12,77%","2,62%","-7,77%","-2,66%","-0,55%","-8,29%",Centro / Otros,1,Bajo (<5%)
Bulgaria,2020,72.7,4.7,77.4,4.13,46.6,40,18.0,"-2,15%","14,63%","-1,28%","73,68%","-20,48%","-0,19%","8,43%",Centro / Otros,1,Bajo (<5%)
Bulgaria,2021,73.3,4.0,77.3,3.18,50.7,40,17.4,"0,83%","-14,89%","-0,13%","-23,03%","8,80%","-0,06%","-3,33%",Centro / Otros,1,Bajo (<5%)
Bulgaria,2022,75.9,3.3,79.1,2.5,55.1,40,14.8,"3,55%","-17,50%","2,33%","-21,26%","8,68%","-0,56%","-14,94%",Centro / Otros,1,Bajo (<5%)
Bulgaria,2023,76.2,3.4,79.6,2.88,52.9,40,13.8,"0,40%","3,03%","0,63%","15,00%","-3,99%","-0,37%","-6,76%",Centro / Otros,1,Bajo (<5%)
Bulgaria,2024,76.8,3.3,80.1,3.25,52.4,40,12.7,"0,79%","-2,94%","0,63%","13,04%","-0,95%","-0,19%","-7,97%",Centro / Otros,1,Bajo (<5%)
Bulgaria,2025,77.0,2.8,79.7,2.9,43.3,40,13.8,"0,26%","-15,15%","-0,50%","-10,77%","-17,37%","-0,19%","8,66%",Centro / Otros,1,Bajo (<5%)
Croacia,2009,64.2,6.2,70.5,6.38,58.8,41,14.9,,,,,,,,Centro / Otros,1,Medio (5-10%)
Croacia,2010,62.1,7.8,69.9,5.55,57.8,41,17.6,"-3,27%","25,81%","-0,85%","-12,94%","-1,70%","-0,61%","18,12%",Centro / Otros,1,Medio (5-10%)
Croacia,2011,59.8,9.1,69.0,5.1,62.9,40,19.1,"-3,70%","16,67%","-1,29%","-8,11%","8,82%","-0,68%","8,52%",Centro / Otros,1,Medio (5-10%)
Croacia,2012,58.1,10.7,68.8,5.48,65.9,40,19.9,"-2,84%","17,58%","-0,29%","7,35%","4,77%","-0,06%","4,19%",Centro / Otros,1,Alto (>10%)
Croacia,2013,57.2,11.4,68.6,5.9,66.1,40,22.1,"-1,55%","6,54%","-0,29%","7,76%","0,30%","-0,50%","11,06%",Centro / Otros,1,Alto (>10%)
Croacia,2014,59.1,11.7,70.9,6.9,61.1,40,21.7,"3,32%","2,63%","3,35%","16,95%","-7,56%","0,37%","-1,81%",Centro / Otros,1,Alto (>10%)
Croacia,2015,60.5,11.1,71.6,8.08,65.9,40,19.8,"2,37%","-5,13%","0,99%","17,03%","7,86%","-1,00%","-8,76%",Centro / Otros,1,Alto (>10%)
Croacia,2016,61.3,8.7,70.0,9.7,53.5,40,19.4,"1,32%","-21,62%","-2,23%","20,12%","-18,82%","-0,31%","-2,02%",Centro / Otros,1,Medio (5-10%)
Croacia,2017,63.2,7.5,70.8,9.65,41.8,40,17.9,"3,10%","-13,79%","1,14%","-0,52%","-21,87%","0,32%","-7,73%",Centro / Otros,1,Medio (5-10%)
Croacia,2018,64.9,5.7,70.5,9.78,41.9,40,15.5,"2,69%","-24,00%","-0,42%","1,30%","0,24%","0,06%","-13,41%",Centro / Otros,1,Medio (5-10%)
Croacia,2019,66.4,4.5,70.9,10.1,37.7,40,14.3,"2,31%","-21,05%","0,57%","3,32%","-10,02%","0,19%","-7,74%",Centro / Otros,1,Bajo (<5%)
Croacia,2020,66.9,5.0,71.8,14.33,27.9,40,14.5,"0,75%","11,11%","1,27%","41,83%","-25,99%","-0,13%","1,40%",Centro / Otros,1,Medio (5-10%)
Croacia,2021,68.6,5.3,73.8,11.15,36.9,40,14.9,"2,54%","6,00%","2,79%","-22,16%","32,26%","-0,13%","2,76%",Centro / Otros,1,Medio (5-10%)
Croacia,2022,70.2,4.9,75.1,9.58,35.8,40,13.1,"2,33%","-7,55%","1,76%","-14,13%","-2,98%","-0,31%","-12,08%",Centro / Otros,1,Bajo (<5%)
Croacia,2023,70.8,4.4,75.1,10.38,36.0,40,11.8,"0,85%","-10,20%","0,00%","8,36%","0,56%","0,38%","-9,92%",Centro / Otros,1,Bajo (<5%)
Croacia,2024,73.6,3.6,77.2,9.33,38.4,40,10.6,"3,95%","-18,18%","2,80%","-10,12%","6,67%","-0,38%","-10,17%",Centro / Otros,1,Bajo (<5%)
Croacia,2025,74.4,3.5,77.9,9.55,39.6,40,10.8,"1,09%","-2,78%","0,91%","2,41%","3,13%","-0,06%","1,89%",Centro / Otros,1,Bajo (<5%)
Chipre,2009,75.3,4.3,79.6,7.98,10.4,41,11.5,,,,,,,,Centro / Otros,1,Bajo (<5%)
Chipre,2010,75.0,5.0,80.0,8.03,20.9,40,12.9,"-0,40%","16,28%","0,50%","0,63%","100,96%","-0,31%","12,17%",Centro / Otros,1,Medio (5-10%)
Chipre,2011,73.4,6.3,79.6,8.05,21.3,40,14.8,"-2,13%","26,00%","-0,50%","0,31%","1,91%","-0,80%","14,73%",Centro / Otros,1,Medio (5-10%)
Chipre,2012,70.2,9.3,79.6,7.2,30.3,40,17.3,"-4,36%","47,62%","0,00%","-10,56%","42,25%","-0,06%","16,89%",Centro / Otros,1,Medio (5-10%)
Chipre,2013,67.2,12.6,79.8,8.58,38.4,40,20.4,"-4,27%","35,48%","0,25%","19,10%","26,73%","-0,06%","17,92%",Centro / Otros,1,Alto (>10%)
Chipre,2014,67.6,12.9,80.5,7.35,48.5,40,19.5,"0,60%","2,38%","0,88%","-14,29%","26,30%","-1,19%","-4,41%",Centro / Otros,1,Alto (>10%)
Chipre,2015,67.9,11.9,79.8,7.25,46.5,40,18.5,"0,44%","-7,75%","-0,87%","-1,36%","-4,12%","0,25%","-5,13%",Centro / Otros,1,Alto (>10%)
Chipre,2016,68.7,10.2,79.0,6.68,45.5,39,18.0,"1,18%","-14,29%","-1,00%","-7,93%","-2,15%","-0,76%","-2,70%",Centro / Otros,1,Alto (>10%)
Chipre,2017,70.8,8.8,79.6,7.2,41.6,39,17.6,"3,06%","-13,73%","0,76%","7,87%","-8,57%","0,06%","-2,22%",Centro / Otros,1,Medio (5-10%)
Chipre,2018,73.9,6.8,80.6,7.05,32.4,39,14.9,"4,38%","-22,73%","1,26%","-2,08%","-22,12%","0,19%","-15,34%",Centro / Otros,1,Medio (5-10%)
Chipre,2019,75.8,5.8,81.7,7.28,31.0,40,14.7,"2,57%","-14,71%","1,36%","3,19%","-4,32%","0,13%","-1,34%",Centro / Otros,1,Medio (5-10%)
Chipre,2020,75.2,6.2,81.4,14.75,29.7,39,15.2,"-0,79%","6,90%","-0,37%","102,75%","-4,19%","-0,51%","3,40%",Centro / Otros,1,Medio (5-10%)
Chipre,2021,76.3,5.9,82.2,10.78,36.5,39,15.0,"1,46%","-4,84%","0,98%","-26,95%","22,90%","-0,64%","-1,32%",Centro / Otros,1,Medio (5-10%)
Chipre,2022,78.6,5.2,83.8,9.55,34.1,39,14.4,"3,01%","-11,86%","1,95%","-11,37%","-6,58%","0,83%","-4,00%",Centro / Otros,1,Medio (5-10%)
Chipre,2023,79.5,4.9,84.5,7.73,31.9,40,13.9,"1,15%","-5,77%","0,84%","-19,11%","-6,45%","1,21%","-3,47%",Centro / Otros,1,Bajo (<5%)
Chipre,2024,79.8,4.1,83.9,7.98,27.9,40,12.9,"0,38%","-16,33%","-0,71%","3,24%","-12,54%","0,19%","-7,19%",Centro / Otros,1,Bajo (<5%)
Chipre,2025,81.3,3.6,84.9,7.68,22.0,40,10.6,"1,88%","-12,20%","1,19%","-3,76%","-21,15%","-0,38%","-17,83%",Centro / Otros,1,Bajo (<5%)
República Checa,2009,70.9,4.9,75.8,7.5,30.6,42,12.7,,,,,,,,Centro / Otros,1,Bajo (<5%)
República Checa,2010,70.4,5.4,75.7,7.18,41.7,41,12.9,"-0,71%","10,20%","-0,13%","-4,33%","36,27%","-0,54%","1,57%",Centro / Otros,1,Medio (5-10%)
República Checa,2011,70.9,5.0,75.8,7.78,41.5,41,12.1,"0,71%","-7,41%","0,13%","8,36%","-0,48%","-0,24%","-6,20%",Centro / Otros,1,Medio (5-10%)
República Checa,2012,71.5,5.2,76.7,8.28,44.3,41,12.9,"0,85%","4,00%","1,19%","6,43%","6,75%","-0,54%","6,61%",Centro / Otros,1,Medio (5-10%)
República Checa,2013,72.5,5.3,77.8,8.53,44.2,41,12.8,"1,40%","1,92%","1,43%","3,02%","-0,23%","-0,85%","-0,78%",Centro / Otros,1,Medio (5-10%)
República Checa,2014,73.5,4.7,78.2,7.98,44.7,41,12.1,"1,38%","-11,32%","0,51%","-6,45%","1,13%","-0,18%","-5,47%",Centro / Otros,1,Bajo (<5%)
República Checa,2015,74.8,3.9,78.7,7.9,48.1,41,11.8,"1,77%","-17,02%","0,64%","-0,94%","7,61%","0,12%","-2,48%",Centro / Otros,1,Bajo (<5%)
República Checa,2016,76.7,3.1,79.9,7.63,42.9,41,11.1,"2,54%","-20,51%","1,52%","-3,48%","-10,81%","-0,43%","-5,93%",Centro / Otros,1,Bajo (<5%)
República Checa,2017,78.5,2.3,80.8,8.25,36.0,41,10.0,"2,35%","-25,81%","1,13%","8,20%","-16,08%","-0,18%","-9,91%",Centro / Otros,1,Bajo (<5%)
República Checa,2018,79.9,1.8,81.7,8.18,31.4,40,9.5,"1,78%","-21,74%","1,11%","-0,91%","-12,78%","-0,06%","-5,00%",Centro / Otros,1,Bajo (<5%)
República Checa,2019,80.3,1.6,81.9,8.8,30.9,40,9.8,"0,50%","-11,11%","0,24%","7,65%","-1,59%","-0,25%","3,16%",Centro / Otros,1,Bajo (<5%)
República Checa,2020,79.7,2.1,81.8,11.68,22.5,40,11.0,"-0,75%","31,25%","-0,12%","32,67%","-27,18%","-0,31%","12,24%",Centro / Otros,1,Bajo (<5%)
República Checa,2021,80.0,2.3,82.2,11.75,28.2,40,10.9,"0,38%","9,52%","0,49%","0,64%","25,33%","-1,43%","-0,91%",Centro / Otros,1,Bajo (<5%)
República Checa,2022,81.3,1.8,83.1,11.75,28.4,40,11.4,"1,62%","-21,74%","1,09%","0,00%","0,71%","0,38%","4,59%",Centro / Otros,1,Bajo (<5%)
República Checa,2023,81.7,2.1,83.8,12.45,29.7,40,10.1,"0,49%","16,67%","0,84%","5,96%","4,58%","-0,44%","-11,40%",Centro / Otros,1,Bajo (<5%)
República Checa,2024,82.3,2.1,84.3,12.8,30.0,39,8.6,"0,73%","0,00%","0,60%","2,81%","1,01%","-0,50%","-14,85%",Centro / Otros,1,Bajo (<5%)
República Checa,2025,82.9,2.3,85.1,12.88,30.5,39,8.0,"0,73%","9,52%","0,95%","0,59%","1,67%","-0,44%","-6,98%",Centro / Otros,1,Bajo (<5%)
Dinamarca,2009,76.1,4.7,80.8,14.7,10.0,35,7.4,,,,,,,,Centro / Otros,1,Bajo (<5%)
Dinamarca,2010,74.9,5.7,80.6,14.53,21.5,35,8.2,"-1,58%","21,28%","-0,25%","-1,19%","115,00%","0,00%","10,81%",Centro / Otros,1,Medio (5-10%)
Dinamarca,2011,74.8,5.6,80.5,14.15,26.1,35,8.4,"-0,13%","-1,75%","-0,12%","-2,58%","21,40%","-0,07%","2,44%",Centro / Otros,1,Medio (5-10%)
Dinamarca,2012,74.3,5.8,80.1,13.78,30.3,35,9.0,"-0,67%","3,57%","-0,50%","-2,65%","16,09%","-0,21%","7,14%",Centro / Otros,1,Medio (5-10%)
Dinamarca,2013,74.3,5.5,79.8,13.7,27.6,35,8.2,"0,00%","-5,17%","-0,37%","-0,54%","-8,91%","-0,35%","-8,89%",Centro / Otros,1,Medio (5-10%)
Dinamarca,2014,74.7,5.2,79.9,13.4,27.4,35,8.0,"0,54%","-5,45%","0,13%","-2,19%","-0,72%","-0,50%","-2,44%",Centro / Otros,1,Medio (5-10%)
Dinamarca,2015,75.4,4.8,80.2,13.33,28.7,35,8.5,"0,94%","-7,69%","0,38%","-0,56%","4,74%","0,29%","6,25%",Centro / Otros,1,Bajo (<5%)
Dinamarca,2016,76.0,4.5,80.5,12.75,23.0,35,8.4,"0,80%","-6,25%","0,37%","-4,32%","-19,86%","-0,50%","-1,18%",Centro / Otros,1,Bajo (<5%)
Dinamarca,2017,76.6,4.3,80.9,13.35,23.6,35,9.8,"0,79%","-4,44%","0,50%","4,71%","2,61%","-0,07%","16,67%",Centro / Otros,1,Bajo (<5%)
Dinamarca,2018,77.5,3.9,81.3,11.88,21.7,35,9.6,"1,17%","-9,30%","0,49%","-11,05%","-8,05%","-0,14%","-2,04%",Centro / Otros,1,Bajo (<5%)
Dinamarca,2019,78.3,3.8,82.2,12.5,18.6,35,9.6,"1,03%","-2,56%","1,11%","5,26%","-14,29%","-0,65%","0,00%",Centro / Otros,1,Bajo (<5%)
Dinamarca,2020,77.8,4.3,82.1,14.3,18.6,35,10.2,"-0,64%","13,16%","-0,12%","14,40%","0,00%","0,29%","6,25%",Centro / Otros,1,Bajo (<5%)
Dinamarca,2021,79.0,3.9,82.9,12.5,22.6,36,8.4,"1,54%","-9,30%","0,97%","-12,59%","21,51%","2,45%","-17,65%",Centro / Otros,1,Bajo (<5%)
Dinamarca,2022,80.1,3.4,83.5,13.5,13.0,35,7.9,"1,39%","-12,82%","0,72%","8,00%","-42,48%","-0,35%","-5,95%",Centro / Otros,1,Bajo (<5%)
Dinamarca,2023,79.8,3.9,83.7,12.8,12.4,35,8.6,"-0,37%","14,71%","0,24%","-5,19%","-4,62%","-1,27%","8,86%",Centro / Otros,1,Bajo (<5%)
Dinamarca,2024,80.2,4.6,84.8,13.98,14.2,34,8.0,"0,50%","17,95%","1,31%","9,18%","14,52%","-1,36%","-6,98%",Centro / Otros,1,Bajo (<5%)
Dinamarca,2025,79.8,4.9,84.7,14.73,16.0,35,8.9,"-0,50%","6,52%","-0,12%","5,37%","12,68%","0,22%","11,25%",Centro / Otros,1,Bajo (<5%)
Estonia,2009,70.5,10.7,81.2,7.5,27.3,39,17.7,,,,,,,,Centro / Otros,1,Alto (>10%)
Estonia,2010,67.6,13.4,81.0,7.08,46.0,39,17.1,"-4,11%","25,23%","-0,25%","-5,67%","68,50%","0,13%","-3,39%",Centro / Otros,1,Alto (>10%)
Estonia,2011,71.0,9.8,80.8,5.35,59.1,39,14.1,"5,03%","-26,87%","-0,25%","-24,38%","28,48%","-0,19%","-17,54%",Centro / Otros,1,Medio (5-10%)
Estonia,2012,73.1,8.0,81.0,6.1,56.3,39,14.1,"2,96%","-18,37%","0,25%","14,02%","-4,74%","0,32%","0,00%",Centro / Otros,1,Medio (5-10%)
Estonia,2013,74.1,6.9,81.1,7.03,45.7,39,13.5,"1,37%","-13,75%","0,12%","15,16%","-18,83%","0,00%","-4,26%",Centro / Otros,1,Medio (5-10%)
Estonia,2014,75.0,5.9,80.9,6.5,46.2,39,13.2,"1,21%","-14,49%","-0,25%","-7,47%","1,09%","0,06%","-2,22%",Centro / Otros,1,Medio (5-10%)
Estonia,2015,76.7,5.1,81.9,6.38,40.1,39,12.4,"2,27%","-13,56%","1,24%","-1,92%","-13,20%","-0,45%","-6,06%",Centro / Otros,1,Medio (5-10%)
Estonia,2016,77.0,5.6,82.7,7.1,32.9,39,13.3,"0,39%","9,80%","0,98%","11,37%","-17,96%","-0,38%","7,26%",Centro / Otros,1,Medio (5-10%)
Estonia,2017,79.2,4.8,84.0,7.98,36.2,39,10.5,"2,86%","-14,29%","1,57%","12,32%","10,03%","0,06%","-21,05%",Centro / Otros,1,Bajo (<5%)
Estonia,2018,79.7,4.3,84.1,8.43,25.0,39,11.5,"0,63%","-10,42%","0,12%","5,64%","-30,94%","-0,58%","9,52%",Centro / Otros,1,Bajo (<5%)
Estonia,2019,80.5,3.7,84.2,9.03,20.8,38,9.7,"1,00%","-13,95%","0,12%","7,12%","-16,80%","-0,52%","-15,65%",Centro / Otros,1,Bajo (<5%)
Estonia,2020,79.1,5.7,84.9,9.78,18.1,38,11.1,"-1,74%","54,05%","0,83%","8,31%","-12,98%","-0,39%","14,43%",Centro / Otros,1,Medio (5-10%)
Estonia,2021,79.3,5.2,84.5,11.85,26.1,38,11.2,"0,25%","-8,77%","-0,47%","21,23%","44,20%","-0,52%","0,90%",Centro / Otros,1,Medio (5-10%)
Estonia,2022,81.9,4.7,86.6,12.75,23.8,38,10.6,"3,28%","-9,62%","2,49%","7,59%","-8,81%","-0,39%","-5,36%",Centro / Otros,1,Bajo (<5%)
Estonia,2023,82.1,5.4,87.5,12.18,21.5,38,9.6,"0,24%","14,89%","1,04%","-4,51%","-9,66%","-0,39%","-9,43%",Centro / Otros,1,Medio (5-10%)
Estonia,2024,81.8,6.5,88.3,11.23,24.9,38,11.0,"-0,37%","20,37%","0,91%","-7,80%","15,81%","0,33%","14,58%",Centro / Otros,1,Medio (5-10%)
Estonia,2025,81.7,6.3,87.9,10.8,25.1,38,11.2,"-0,12%","-3,08%","-0,45%","-3,79%","0,80%","-0,26%","1,82%",Centro / Otros,1,Medio (5-10%)
Francia,2009,69.8,6.5,76.3,14.35,23.6,38,12.0,,,,,,,,Centro / Otros,1,Medio (5-10%)
Francia,2010,69.6,6.7,76.3,13.53,27.4,38,12.1,"-0,29%","3,08%","0,00%","-5,75%","16,10%","0,07%","0,83%",Centro / Otros,1,Medio (5-10%)
Francia,2011,69.5,6.6,76.2,13.55,28.5,38,12.0,"-0,14%","-1,49%","-0,13%","0,18%","4,01%","0,00%","-0,83%",Centro / Otros,1,Medio (5-10%)
Francia,2012,69.7,7.1,76.8,13.3,28.0,38,12.4,"0,29%","7,58%","0,79%","-1,85%","-1,75%","-0,20%","3,33%",Centro / Otros,1,Medio (5-10%)
Francia,2013,69.7,7.6,77.3,13.7,28.9,38,13.0,"0,00%","7,04%","0,65%","3,01%","3,21%","-1,05%","4,84%",Centro / Otros,1,Medio (5-10%)
Francia,2014,70.0,7.6,77.6,13.85,31.1,37,13.4,"0,43%","0,00%","0,39%","1,09%","7,61%","-0,66%","3,08%",Centro / Otros,1,Medio (5-10%)
Francia,2015,70.3,7.7,78.0,14.6,31.3,37,13.9,"0,43%","1,32%","0,52%","5,42%","0,64%","-0,07%","3,73%",Centro / Otros,1,Medio (5-10%)
Francia,2016,70.7,7.5,78.2,13.38,32.8,37,13.6,"0,57%","-2,60%","0,26%","-8,39%","4,79%","0,33%","-2,16%",Centro / Otros,1,Medio (5-10%)
Francia,2017,71.3,7.1,78.4,13.48,32.6,37,13.2,"0,85%","-5,33%","0,26%","0,75%","-0,61%","-0,27%","-2,94%",Centro / Otros,1,Medio (5-10%)
Francia,2018,72.0,6.8,78.8,14.15,29.6,37,12.9,"0,98%","-4,23%","0,51%","5,01%","-9,20%","0,20%","-2,27%",Centro / Otros,1,Medio (5-10%)
Francia,2019,72.3,6.4,78.7,13.8,28.0,38,12.4,"0,42%","-5,88%","-0,13%","-2,47%","-5,41%","0,40%","-3,88%",Centro / Otros,1,Medio (5-10%)
Francia,2020,72.1,6.0,78.1,19.58,25.4,38,13.4,"-0,28%","-6,25%","-0,76%","41,85%","-9,29%","-0,07%","8,06%",Centro / Otros,1,Medio (5-10%)
Francia,2021,73.2,6.0,79.2,15.6,30.8,37,12.8,"1,53%","0,00%","1,41%","-20,31%","21,26%","-1,20%","-4,48%",Centro / Otros,1,Medio (5-10%)
Francia,2022,74.0,5.5,79.6,14.13,29.1,37,12.0,"1,09%","-8,33%","0,51%","-9,46%","-5,52%","0,74%","-6,25%",Centro / Otros,1,Medio (5-10%)
Francia,2023,74.4,5.6,79.9,13.55,26.1,37,12.3,"0,54%","1,82%","0,38%","-4,07%","-10,31%","-0,20%","2,50%",Centro / Otros,1,Medio (5-10%)
Francia,2024,75.1,5.6,80.7,13.7,24.7,37,12.5,"0,94%","0,00%","1,00%","1,11%","-5,36%","-0,27%","1,63%",Centro / Otros,1,Medio (5-10%)
Francia,2025,75.5,5.9,81.4,13.53,24.3,37,12.7,"0,53%","5,36%","0,87%","-1,28%","-1,62%","-0,13%","1,60%",Centro / Otros,1,Medio (5-10%)
Alemania,2009,73.2,5.7,78.9,9.4,50.6,36,12.5,,,,,,,,Centro / Otros,1,Medio (5-10%)
Alemania,2010,74.0,5.2,79.2,9.15,52.8,36,11.9,"1,09%","-8,77%","0,38%","-2,66%","4,35%","0,00%","-4,80%",Centro / Otros,1,Medio (5-10%)
Alemania,2011,75.4,4.3,79.8,10.6,54.0,36,10.7,"1,89%","-17,31%","0,76%","15,85%","2,27%","-0,21%","-10,08%",Centro / Otros,1,Bajo (<5%)
Alemania,2012,75.8,4.0,79.9,11.48,51.1,36,10.2,"0,53%","-6,98%","0,13%","8,25%","-5,37%","0,07%","-4,67%",Centro / Otros,1,Bajo (<5%)
Alemania,2013,76.3,3.9,80.2,12.0,50.0,36,9.6,"0,66%","-2,50%","0,38%","4,58%","-2,15%","-0,56%","-5,88%",Centro / Otros,1,Bajo (<5%)
Alemania,2014,76.7,3.8,80.5,12.03,49.7,36,9.5,"0,52%","-2,56%","0,37%","0,21%","-0,60%","-0,07%","-1,04%",Centro / Otros,1,Bajo (<5%)
Alemania,2015,77.0,3.5,80.5,12.1,49.2,36,9.3,"0,39%","-7,89%","0,00%","0,62%","-1,01%","-0,14%","-2,11%",Centro / Otros,1,Bajo (<5%)
Alemania,2016,77.6,3.1,80.7,11.45,46.1,36,9.8,"0,78%","-11,43%","0,25%","-5,37%","-6,30%","-0,07%","5,38%",Centro / Otros,1,Bajo (<5%)
Alemania,2017,78.3,2.8,81.1,12.08,47.4,36,9.3,"0,90%","-9,68%","0,50%","5,46%","2,82%","-0,35%","-5,10%",Centro / Otros,1,Bajo (<5%)
Alemania,2018,79.0,2.5,81.5,12.1,46.6,35,8.7,"0,89%","-10,71%","0,49%","0,21%","-1,69%","-0,07%","-6,45%",Centro / Otros,1,Bajo (<5%)
Alemania,2019,79.7,2.4,82.1,12.13,43.0,35,8.4,"0,89%","-4,00%","0,74%","0,21%","-7,73%","-0,21%","-3,45%",Centro / Otros,1,Bajo (<5%)
Alemania,2020,78.3,2.8,81.2,10.58,33.3,35,10.1,"-1,76%","16,67%","-1,10%","-12,78%","-22,56%","0,00%","20,24%",Centro / Otros,1,Bajo (<5%)
Alemania,2021,79.6,2.9,82.5,9.03,34.0,35,9.3,"1,66%","3,57%","1,60%","-14,66%","2,10%","0,00%","-7,92%",Centro / Otros,1,Bajo (<5%)
Alemania,2022,80.8,2.5,83.3,8.28,35.1,35,8.6,"1,51%","-13,79%","0,97%","-8,31%","3,24%","-0,14%","-7,53%",Centro / Otros,1,Bajo (<5%)
Alemania,2023,81.1,2.5,83.7,11.83,32.5,35,8.8,"0,37%","0,00%","0,48%","42,90%","-7,41%","-0,71%","2,33%",Centro / Otros,1,Bajo (<5%)
Alemania,2024,81.3,2.8,84.1,12.13,28.9,35,8.7,"0,25%","12,00%","0,48%","2,54%","-11,08%","-0,21%","-1,14%",Centro / Otros,1,Bajo (<5%)
Alemania,2025,81.4,3.1,84.5,12.23,28.6,35,9.2,"0,12%","10,71%","0,48%","0,82%","-1,04%","-0,14%","5,75%",Centro / Otros,1,Bajo (<5%)
Grecia,2009,65.4,7.0,72.4,4.78,36.8,43,15.5,,,,,,,,Centro / Otros,1,Medio (5-10%)
Grecia,2010,63.5,9.4,72.8,4.55,40.6,42,18.2,"-2,91%","34,29%","0,55%","-4,71%","10,33%","-0,47%","17,42%",Centro / Otros,1,Medio (5-10%)
Grecia,2011,59.3,13.0,72.3,3.93,44.9,42,22.7,"-6,61%","38,30%","-0,69%","-13,74%","10,59%","-0,47%","24,73%",Centro / Otros,1,Alto (>10%)
Grecia,2012,54.5,17.8,72.4,4.05,53.7,42,26.4,"-8,09%","36,92%","0,14%","3,18%","19,60%","-0,30%","16,30%",Centro / Otros,1,Alto (>10%)
Grecia,2013,52.5,20.0,72.6,4.0,60.9,42,28.1,"-3,67%","12,36%","0,28%","-1,23%","13,41%","0,30%","6,44%",Centro / Otros,1,Alto (>10%)
Grecia,2014,53.1,19.2,72.3,4.18,66.6,42,26.3,"1,14%","-4,00%","-0,41%","4,37%","9,36%","-0,30%","-6,41%",Centro / Otros,1,Alto (>10%)
Grecia,2015,54.8,18.2,73.0,3.7,66.1,42,23.8,"3,20%","-5,21%","0,97%","-11,38%","-0,75%","0,42%","-9,51%",Centro / Otros,1,Alto (>10%)
Grecia,2016,55.9,17.5,73.4,4.2,65.0,42,21.9,"2,01%","-3,85%","0,55%","13,51%","-1,66%","0,18%","-7,98%",Centro / Otros,1,Alto (>10%)
Grecia,2017,57.4,16.0,73.4,4.0,65.8,42,21.0,"2,68%","-8,57%","0,00%","-4,76%","1,23%","-0,53%","-4,11%",Centro / Otros,1,Alto (>10%)
Grecia,2018,59.0,14.5,73.5,3.98,63.6,42,19.2,"2,79%","-9,38%","0,14%","-0,63%","-3,34%","0,00%","-8,57%",Centro / Otros,1,Alto (>10%)
Grecia,2019,60.8,13.3,74.0,3.75,63.2,42,17.5,"3,05%","-8,28%","0,68%","-5,66%","-0,63%","-0,60%","-8,85%",Centro / Otros,1,Alto (>10%)
Grecia,2020,58.3,12.5,70.8,13.75,60.0,42,18.5,"-4,11%","-6,02%","-4,32%","266,67%","-5,06%","0,06%","5,71%",Centro / Otros,1,Alto (>10%)
Grecia,2021,62.6,10.8,73.4,9.83,62.8,41,17.2,"7,38%","-13,60%","3,67%","-28,55%","4,67%","-1,02%","-7,03%",Centro / Otros,1,Alto (>10%)
Grecia,2022,66.3,9.3,75.6,5.15,62.7,41,15.3,"5,91%","-13,89%","3,00%","-47,58%","-0,16%","-0,97%","-11,05%",Centro / Otros,1,Medio (5-10%)
Grecia,2023,67.4,8.3,75.7,4.6,56.3,41,15.9,"1,66%","-10,75%","0,13%","-10,68%","-10,21%","-0,06%","3,92%",Centro / Otros,1,Medio (5-10%)
Grecia,2024,69.3,7.7,77.0,4.3,54.4,41,14.2,"2,82%","-7,23%","1,72%","-6,52%","-3,37%","0,18%","-10,69%",Centro / Otros,1,Medio (5-10%)
Grecia,2025,71.0,6.9,77.9,4.68,56.2,41,13.5,"2,45%","-10,39%","1,17%","8,72%","3,31%","-0,06%","-4,93%",Centro / Otros,1,Medio (5-10%)
Hungría,2009,62.5,6.6,69.0,3.85,42.0,40,15.5,,,,,,,,Centro / Otros,1,Medio (5-10%)
Hungría,2010,62.2,7.5,69.7,3.28,49.3,40,15.6,"-0,48%","13,64%","1,01%","-14,94%","17,38%","-0,38%","0,65%",Centro / Otros,1,Medio (5-10%)
Hungría,2011,62.8,7.4,70.2,3.2,48.0,40,15.5,"0,96%","-1,33%","0,72%","-2,29%","-2,64%","-0,69%","-0,64%",Centro / Otros,1,Medio (5-10%)
Hungría,2012,63.8,7.5,71.3,3.68,45.9,40,16.9,"1,59%","1,35%","1,57%","14,84%","-4,38%","-0,06%","9,03%",Centro / Otros,1,Medio (5-10%)
Hungría,2013,65.2,7.0,72.2,3.25,49.4,40,16.7,"2,19%","-6,67%","1,26%","-11,56%","7,63%","0,25%","-1,18%",Centro / Otros,1,Medio (5-10%)
Hungría,2014,68.7,5.5,74.2,3.2,48.3,40,14.7,"5,37%","-21,43%","2,77%","-1,54%","-2,23%","0,57%","-11,98%",Centro / Otros,1,Medio (5-10%)
Hungría,2015,70.9,4.9,75.8,3.53,46.6,40,13.1,"3,20%","-10,91%","2,16%","10,16%","-3,52%","0,19%","-10,88%",Centro / Otros,1,Bajo (<5%)
Hungría,2016,73.7,3.8,77.5,3.1,47.7,40,12.0,"3,95%","-22,45%","2,24%","-12,06%","2,36%","-0,19%","-8,40%",Centro / Otros,1,Bajo (<5%)
Hungría,2017,75.4,3.1,78.5,3.53,41.4,40,11.2,"2,31%","-18,42%","1,29%","13,71%","-13,21%","0,13%","-6,67%",Centro / Otros,1,Bajo (<5%)
Hungría,2018,76.8,2.7,79.5,3.78,40.0,40,10.6,"1,86%","-12,90%","1,27%","7,09%","-3,38%","-0,31%","-5,36%",Centro / Otros,1,Bajo (<5%)
Hungría,2019,77.7,2.5,80.2,3.9,33.1,40,11.0,"1,17%","-7,41%","0,88%","3,31%","-17,25%","-0,13%","3,77%",Centro / Otros,1,Bajo (<5%)
Hungría,2020,77.6,3.3,80.8,6.13,26.7,39,12.4,"-0,13%","32,00%","0,75%","57,05%","-19,34%","-0,57%","12,73%",Centro / Otros,1,Bajo (<5%)
Hungría,2021,78.9,3.2,82.1,8.05,32.6,40,11.7,"1,68%","-3,03%","1,61%","31,43%","22,10%","0,19%","-5,65%",Centro / Otros,1,Bajo (<5%)
Hungría,2022,80.3,2.9,83.2,7.75,35.8,40,10.7,"1,77%","-9,38%","1,34%","-3,73%","9,82%","0,06%","-8,55%",Centro / Otros,1,Bajo (<5%)
Hungría,2023,80.7,3.3,84.0,7.65,36.0,40,10.9,"0,50%","13,79%","0,96%","-1,29%","0,56%","0,00%","1,87%",Centro / Otros,1,Bajo (<5%)
Hungría,2024,81.1,3.6,84.7,7.13,35.7,40,10.9,"0,50%","9,09%","0,83%","-6,86%","-0,83%","-0,06%","0,00%",Centro / Otros,1,Bajo (<5%)
Hungría,2025,81.1,3.6,84.7,6.55,33.6,39,10.6,"0,00%","0,00%","0,00%","-8,07%","-5,88%","-0,19%","-2,75%",Centro / Otros,1,Bajo (<5%)
Irlanda,2009,68.0,9.2,77.2,9.0,28.9,36,20.2,,,,,,,,Centro / Otros,1,Medio (5-10%)
Irlanda,2010,65.5,10.7,76.2,8.58,49.3,35,21.7,"-3,68%","16,30%","-1,30%","-4,72%","70,59%","-0,49%","7,43%",Centro / Otros,1,Alto (>10%)
Irlanda,2011,64.5,11.3,75.8,8.2,59.5,35,22.4,"-1,53%","5,61%","-0,52%","-4,37%","20,69%","-0,28%","3,23%",Centro / Otros,1,Alto (>10%)
Irlanda,2012,64.5,11.3,75.8,8.55,61.8,35,21.6,"0,00%","0,00%","0,00%","4,27%","3,87%","0,35%","-3,57%",Centro / Otros,1,Alto (>10%)
Irlanda,2013,66.5,10.2,76.7,8.08,60.8,36,18.8,"3,10%","-9,73%","1,19%","-5,56%","-1,62%","0,85%","-12,96%",Centro / Otros,1,Alto (>10%)
Irlanda,2014,68.1,8.8,77.0,7.8,57.9,36,17.8,"2,41%","-13,73%","0,39%","-3,41%","-4,77%","0,70%","-5,32%",Centro / Otros,1,Medio (5-10%)
Irlanda,2015,69.8,7.4,77.2,8.23,56.1,36,16.5,"2,50%","-15,91%","0,26%","5,45%","-3,11%","0,69%","-7,30%",Centro / Otros,1,Medio (5-10%)
Irlanda,2016,71.3,6.3,77.6,7.58,53.4,36,14.5,"2,15%","-14,86%","0,52%","-7,90%","-4,81%","0,28%","-12,12%",Centro / Otros,1,Medio (5-10%)
Irlanda,2017,72.9,5.0,77.9,7.5,47.9,37,12.8,"2,24%","-20,63%","0,39%","-0,99%","-10,30%","1,03%","-11,72%",Centro / Otros,1,Medio (5-10%)
Irlanda,2018,74.0,4.2,78.2,8.0,39.4,37,11.6,"1,51%","-16,00%","0,39%","6,67%","-17,75%","0,48%","-9,38%",Centro / Otros,1,Bajo (<5%)
Irlanda,2019,75.0,3.6,78.6,7.58,34.6,37,11.4,"1,35%","-14,29%","0,51%","-5,31%","-12,18%","0,14%","-1,72%",Centro / Otros,1,Bajo (<5%)
Irlanda,2020,72.1,4.2,76.3,15.83,24.5,37,14.1,"-3,87%","16,67%","-2,93%","108,91%","-29,19%","-0,07%","23,68%",Centro / Otros,1,Bajo (<5%)
Irlanda,2021,74.9,4.6,79.5,14.98,31.2,37,9.7,"3,88%","9,52%","4,19%","-5,37%","27,35%","-0,74%","-31,21%",Centro / Otros,1,Bajo (<5%)
Irlanda,2022,78.2,3.4,81.6,8.75,32.3,37,8.6,"4,41%","-26,09%","2,64%","-41,57%","3,53%","0,75%","-11,34%",Centro / Otros,1,Bajo (<5%)
Irlanda,2023,79.1,3.2,82.4,8.5,29.1,36,8.5,"1,15%","-5,88%","0,98%","-2,86%","-9,91%","-1,42%","-1,16%",Centro / Otros,1,Bajo (<5%)
Irlanda,2024,79.8,3.2,83.0,9.08,24.8,36,7.5,"0,88%","0,00%","0,73%","6,76%","-14,78%","-0,14%","-11,76%",Centro / Otros,1,Bajo (<5%)
Irlanda,2025,80.2,3.5,83.7,9.73,25.8,36,8.1,"0,50%","9,38%","0,84%","7,16%","4,03%","-0,07%","8,00%",Centro / Otros,1,Bajo (<5%)
Italia,2009,61.1,5.0,66.2,9.25,46.7,38,20.7,,,,,,,,Centro / Otros,1,Medio (5-10%)
Italia,2010,60.5,5.4,65.9,8.15,50.9,38,22.2,"-0,98%","8,00%","-0,45%","-11,89%","8,99%","-0,53%","7,25%",Centro / Otros,1,Medio (5-10%)
Italia,2011,60.5,5.4,66.0,7.7,54.3,38,22.7,"0,00%","0,00%","0,15%","-5,52%","6,68%","-0,73%","2,25%",Centro / Otros,1,Medio (5-10%)
Italia,2012,60.2,7.1,67.4,8.58,55.6,37,23.9,"-0,50%","31,48%","2,12%","11,36%","2,39%","-1,20%","5,29%",Centro / Otros,1,Medio (5-10%)
Italia,2013,59.1,8.1,67.3,8.63,59.6,37,26.2,"-1,83%","14,08%","-0,15%","0,58%","7,19%","-0,20%","9,62%",Centro / Otros,1,Medio (5-10%)
Italia,2014,59.5,8.6,68.0,8.55,64.1,37,26.3,"0,68%","6,17%","1,04%","-0,87%","7,55%","-0,07%","0,38%",Centro / Otros,1,Medio (5-10%)
Italia,2015,60.2,8.1,68.3,8.5,61.5,37,25.8,"1,18%","-5,81%","0,44%","-0,58%","-4,06%","0,14%","-1,90%",Centro / Otros,1,Medio (5-10%)
Italia,2016,61.4,8.0,69.4,7.53,60.6,37,24.4,"1,99%","-1,23%","1,61%","-11,47%","-1,46%","0,00%","-5,43%",Centro / Otros,1,Medio (5-10%)
Italia,2017,62.3,7.8,70.0,7.38,61.3,37,24.2,"1,47%","-2,50%","0,86%","-1,99%","1,16%","0,40%","-0,82%",Centro / Otros,1,Medio (5-10%)
Italia,2018,63.0,7.3,70.3,7.4,61.4,37,23.5,"1,12%","-6,41%","0,43%","0,34%","0,16%","0,20%","-2,89%",Centro / Otros,1,Medio (5-10%)
Italia,2019,63.5,6.9,70.5,7.53,59.2,37,22.3,"0,79%","-5,48%","0,28%","1,69%","-3,58%","-0,20%","-5,11%",Centro / Otros,1,Medio (5-10%)
Italia,2020,61.9,6.3,68.2,14.28,54.5,37,23.5,"-2,52%","-8,70%","-3,26%","89,70%","-7,94%","-0,60%","5,38%",Centro / Otros,1,Medio (5-10%)
Italia,2021,62.7,6.5,69.3,8.58,57.6,37,23.1,"1,29%","3,17%","1,61%","-39,93%","5,69%","0,88%","-1,70%",Centro / Otros,1,Medio (5-10%)
Italia,2022,64.8,5.6,70.4,6.83,58.4,37,19.0,"3,35%","-13,85%","1,59%","-20,41%","1,39%","0,13%","-17,75%",Centro / Otros,1,Medio (5-10%)
Italia,2023,66.3,5.4,71.7,6.28,56.0,37,16.1,"2,31%","-3,57%","1,85%","-8,06%","-4,11%","0,13%","-15,26%",Centro / Otros,1,Medio (5-10%)
Italia,2024,67.1,4.6,71.7,5.03,51.5,37,15.2,"1,21%","-14,81%","0,00%","-19,92%","-8,04%","-0,47%","-5,59%",Centro / Otros,1,Bajo (<5%)
Italia,2025,67.6,4.4,72.0,3.85,51.0,37,13.3,"0,75%","-4,35%","0,42%","-23,38%","-0,97%","0,07%","-12,50%",Centro / Otros,1,Bajo (<5%)
Letonia,2009,66.3,14.0,80.3,5.53,28.9,40,20.8,,,,,,,,Centro / Otros,1,Alto (>10%)
Letonia,2010,63.9,15.4,79.4,5.2,50.3,39,20.7,"-3,62%","10,00%","-1,12%","-5,88%","74,05%","-1,70%","-0,48%",Centro / Otros,1,Alto (>10%)
Letonia,2011,66.1,12.8,78.9,4.98,61.3,39,19.1,"3,44%","-16,88%","-0,63%","-4,33%","21,87%","0,06%","-7,73%",Centro / Otros,1,Alto (>10%)
Letonia,2012,67.9,11.9,79.8,5.58,58.7,39,17.2,"2,72%","-7,03%","1,14%","12,06%","-4,24%","-0,32%","-9,95%",Centro / Otros,1,Alto (>10%)
Letonia,2013,69.5,9.4,78.9,5.35,53.8,39,15.6,"2,36%","-21,01%","-1,13%","-4,04%","-8,35%","0,39%","-9,30%",Centro / Otros,1,Medio (5-10%)
Letonia,2014,70.6,8.7,79.3,5.35,47.2,39,15.2,"1,58%","-7,45%","0,51%","0,00%","-12,27%","0,58%","-2,56%",Centro / Otros,1,Medio (5-10%)
Letonia,2015,72.5,8.0,80.5,6.83,50.4,39,13.8,"2,69%","-8,05%","1,51%","27,57%","6,78%","0,06%","-9,21%",Centro / Otros,1,Medio (5-10%)
Letonia,2016,73.0,8.0,81.1,7.13,45.9,39,13.3,"0,69%","0,00%","0,75%","4,40%","-8,93%","-0,64%","-3,62%",Centro / Otros,1,Medio (5-10%)
Letonia,2017,74.6,7.2,81.9,6.9,41.6,39,12.3,"2,19%","-10,00%","0,99%","-3,16%","-9,37%","0,19%","-7,52%",Centro / Otros,1,Medio (5-10%)
Letonia,2018,76.8,6.3,83.0,6.55,46.6,39,11.6,"2,95%","-12,50%","1,34%","-5,07%","12,02%","0,13%","-5,69%",Centro / Otros,1,Medio (5-10%)
Letonia,2019,77.3,5.3,82.6,7.53,42.8,39,10.2,"0,65%","-15,87%","-0,48%","14,89%","-8,15%","-0,58%","-12,07%",Centro / Otros,1,Medio (5-10%)
Letonia,2020,76.9,6.9,83.8,9.9,30.6,39,11.9,"-0,52%","30,19%","1,45%","31,56%","-28,50%","-0,06%","16,67%",Centro / Otros,1,Medio (5-10%)
Letonia,2021,75.3,6.3,81.6,9.08,30.7,39,12.1,"-2,08%","-8,70%","-2,63%","-8,33%","0,33%","-0,06%","1,68%",Centro / Otros,1,Medio (5-10%)
Letonia,2022,77.0,5.7,82.7,7.55,29.7,39,11.3,"2,26%","-9,52%","1,35%","-16,80%","-3,26%","0,58%","-6,61%",Centro / Otros,1,Medio (5-10%)
Letonia,2023,77.5,5.5,83.1,7.58,27.7,39,10.0,"0,65%","-3,51%","0,48%","0,33%","-6,73%","-0,32%","-11,50%",Centro / Otros,1,Medio (5-10%)
Letonia,2024,77.4,5.9,83.4,7.05,33.0,39,10.7,"-0,13%","7,27%","0,36%","-6,93%","19,13%","-0,19%","7,00%",Centro / Otros,1,Medio (5-10%)
Letonia,2025,78.2,6.0,84.2,6.93,34.9,39,11.0,"1,03%","1,69%","0,96%","-1,77%","5,76%","-0,19%","2,80%",Centro / Otros,1,Medio (5-10%)
Lituania,2009,67.0,10.6,77.6,7.4,24.3,39,15.0,,,,,,,,Centro / Otros,1,Alto (>10%)
Lituania,2010,64.3,13.9,78.2,6.33,42.2,39,17.0,"-4,03%","31,13%","0,77%","-14,53%","73,66%","-0,58%","13,33%",Centro / Otros,1,Alto (>10%)
Lituania,2011,66.9,12.2,79.1,6.93,52.8,38,14.7,"4,04%","-12,23%","1,15%","9,49%","25,12%","-0,65%","-13,53%",Centro / Otros,1,Alto (>10%)
Lituania,2012,68.5,10.7,79.1,6.55,50.0,38,13.9,"2,39%","-12,30%","0,00%","-5,42%","-5,30%","-0,13%","-5,44%",Centro / Otros,1,Alto (>10%)
Lituania,2013,69.9,9.4,79.3,7.1,43.3,38,13.7,"2,04%","-12,15%","0,25%","8,40%","-13,40%","0,20%","-1,44%",Centro / Otros,1,Medio (5-10%)
Lituania,2014,71.8,8.7,80.5,7.28,45.1,38,12.9,"2,72%","-7,45%","1,51%","2,46%","4,16%","-0,20%","-5,84%",Centro / Otros,1,Medio (5-10%)
Lituania,2015,73.3,7.5,80.8,6.2,43.2,38,11.8,"2,09%","-13,79%","0,37%","-14,78%","-4,21%","0,72%","-8,53%",Centro / Otros,1,Medio (5-10%)
Lituania,2016,75.2,6.5,81.7,5.8,38.8,39,10.7,"2,59%","-13,33%","1,11%","-6,45%","-10,19%","0,39%","-9,32%",Centro / Otros,1,Medio (5-10%)
Lituania,2017,76.0,5.9,81.9,6.25,38.2,39,10.2,"1,06%","-9,23%","0,24%","7,76%","-1,55%","0,19%","-4,67%",Centro / Otros,1,Medio (5-10%)
Lituania,2018,77.8,5.2,83.1,6.28,32.8,39,9.3,"2,37%","-11,86%","1,47%","0,40%","-14,14%","0,52%","-8,82%",Centro / Otros,1,Medio (5-10%)
Lituania,2019,78.2,5.3,83.5,6.5,31.3,39,10.9,"0,51%","1,92%","0,48%","3,59%","-4,57%","0,39%","17,20%",Centro / Otros,1,Medio (5-10%)
Lituania,2020,76.7,7.3,84.0,9.98,29.5,39,13.0,"-1,92%","37,74%","0,60%","53,46%","-5,75%","0,13%","19,27%",Centro / Otros,1,Medio (5-10%)
Lituania,2021,77.4,6.1,83.5,7.75,37.3,39,12.7,"0,91%","-16,44%","-0,60%","-22,31%","26,44%","0,06%","-2,31%",Centro / Otros,1,Medio (5-10%)
Lituania,2022,79.0,5.1,84.1,8.15,39.7,39,10.7,"2,07%","-16,39%","0,72%","5,16%","6,43%","0,19%","-15,75%",Centro / Otros,1,Medio (5-10%)
Lituania,2023,78.5,5.9,84.4,7.73,34.0,39,13.5,"-0,63%","15,69%","0,36%","-5,21%","-14,36%","-0,19%","26,17%",Centro / Otros,1,Medio (5-10%)
Lituania,2024,79.2,6.1,85.3,6.88,33.9,39,14.7,"0,89%","3,39%","1,07%","-11,00%","-0,29%","0,19%","8,89%",Centro / Otros,1,Medio (5-10%)
Lituania,2025,80.0,6.0,85.9,5.98,37.0,39,12.4,"1,01%","-1,64%","0,70%","-13,09%","9,14%","-0,13%","-15,65%",Centro / Otros,1,Medio (5-10%)
Luxemburgo,2009,70.4,3.6,74.0,11.6,24.4,37,7.5,,,,,,,,Centro / Otros,1,Bajo (<5%)
Luxemburgo,2010,70.7,3.1,73.8,12.1,29.8,37,6.1,"0,43%","-13,89%","-0,27%","4,31%","22,13%","-0,13%","-18,67%",Centro / Otros,1,Bajo (<5%)
Luxemburgo,2011,70.1,3.5,73.6,12.95,29.4,37,6.6,"-0,85%","12,90%","-0,27%","7,02%","-1,34%","-0,40%","8,20%",Centro / Otros,1,Bajo (<5%)
Luxemburgo,2012,71.4,3.8,75.2,11.93,31.4,37,7.6,"1,85%","8,57%","2,17%","-7,92%","6,80%","0,54%","15,15%",Centro / Otros,1,Bajo (<5%)
Luxemburgo,2013,71.1,4.3,75.4,11.33,31.1,37,7.2,"-0,42%","13,16%","0,27%","-5,03%","-0,96%","0,07%","-5,26%",Centro / Otros,1,Bajo (<5%)
Luxemburgo,2014,72.1,4.3,76.3,11.25,28.4,38,6.5,"1,41%","0,00%","1,19%","-0,66%","-8,68%","0,60%","-9,72%",Centro / Otros,1,Bajo (<5%)
Luxemburgo,2015,70.9,4.8,75.7,9.43,30.0,38,7.6,"-1,66%","11,63%","-0,79%","-16,22%","5,63%","-0,07%","16,92%",Centro / Otros,1,Bajo (<5%)
Luxemburgo,2016,70.7,4.5,75.1,7.73,37.0,38,6.8,"-0,28%","-6,25%","-0,79%","-18,04%","23,33%","0,07%","-10,53%",Centro / Otros,1,Bajo (<5%)
Luxemburgo,2017,71.5,4.0,75.5,8.9,40.0,38,6.6,"1,13%","-11,11%","0,53%","15,21%","8,11%","-0,33%","-2,94%",Centro / Otros,1,Bajo (<5%)
Luxemburgo,2018,72.1,4.0,76.1,8.7,26.0,38,7.5,"0,84%","0,00%","0,79%","-2,25%","-35,00%","0,67%","13,64%",Centro / Otros,1,Bajo (<5%)
Luxemburgo,2019,72.8,4.1,76.8,8.53,23.4,38,6.5,"0,97%","2,50%","0,92%","-2,01%","-10,00%","0,73%","-13,33%",Centro / Otros,1,Bajo (<5%)
Luxemburgo,2020,72.1,5.0,77.1,11.18,26.6,38,7.7,"-0,96%","21,95%","0,39%","31,09%","13,68%","-1,18%","18,46%",Centro / Otros,1,Medio (5-10%)
Luxemburgo,2021,74.1,3.8,77.9,8.13,35.9,38,8.8,"2,77%","-24,00%","1,04%","-27,29%","34,96%","1,80%","14,29%",Centro / Otros,1,Bajo (<5%)
Luxemburgo,2022,74.8,3.2,78.0,7.93,31.3,38,6.8,"0,94%","-15,79%","0,13%","-2,46%","-12,81%","-0,39%","-22,73%",Centro / Otros,1,Bajo (<5%)
Luxemburgo,2023,74.8,3.6,78.5,8.18,36.2,38,8.5,"0,00%","12,50%","0,64%","3,15%","15,65%","-0,07%","25,00%",Centro / Otros,1,Bajo (<5%)
Luxemburgo,2024,74.2,4.6,78.8,8.05,27.7,38,9.8,"-0,80%","27,78%","0,38%","-1,53%","-23,48%","-0,13%","15,29%",Centro / Otros,1,Bajo (<5%)
Luxemburgo,2025,73.9,4.8,78.7,8.38,31.7,38,8.7,"-0,40%","4,35%","-0,13%","4,04%","14,44%","-0,07%","-11,22%",Centro / Otros,1,Bajo (<5%)
Malta,2009,59.0,3.7,62.7,0.0,46.6,39,12.6,,,,,,,,Centro / Otros,1,Bajo (<5%)
Malta,2010,60.1,3.9,64.0,1.15,61.7,39,12.2,"1,86%","5,41%","2,07%",#¡DIV/0!,"32,40%","0,19%","-3,17%",Centro / Otros,1,Bajo (<5%)
Malta,2011,61.6,3.7,65.3,1.68,62.7,39,12.1,"2,50%","-5,13%","2,03%","45,65%","1,62%","-0,13%","-0,82%",Centro / Otros,1,Bajo (<5%)
Malta,2012,63.9,3.6,67.5,1.85,62.7,39,12.0,"3,73%","-2,70%","3,37%","10,45%","0,00%","-0,19%","-0,83%",Centro / Otros,1,Bajo (<5%)
Malta,2013,66.2,3.9,70.1,1.73,59.9,39,10.9,"3,60%","8,33%","3,85%","-6,76%","-4,47%","-0,96%","-9,17%",Centro / Otros,1,Bajo (<5%)
Malta,2014,67.9,3.8,71.7,2.15,53.2,39,11.6,"2,57%","-2,56%","2,28%","24,64%","-11,19%","-0,71%","6,42%",Centro / Otros,1,Bajo (<5%)
Malta,2015,69.0,3.6,72.6,1.65,54.0,39,11.8,"1,62%","-5,26%","1,26%","-23,26%","1,50%","1,04%","1,72%",Centro / Otros,1,Bajo (<5%)
Malta,2016,71.1,3.2,74.3,1.28,53.5,39,9.4,"3,04%","-11,11%","2,34%","-22,73%","-0,93%","0,39%","-20,34%",Centro / Otros,1,Bajo (<5%)
Malta,2017,73.0,2.7,75.8,1.15,52.9,39,8.8,"2,67%","-15,63%","2,02%","-9,80%","-1,12%","0,32%","-6,38%",Centro / Otros,1,Bajo (<5%)
Malta,2018,74.9,2.8,77.7,3.43,51.8,39,7.4,"2,60%","3,70%","2,51%","197,83%","-2,08%","0,64%","-15,91%",Centro / Otros,1,Bajo (<5%)
Malta,2019,75.6,3.0,78.5,5.7,25.8,40,8.5,"0,93%","7,14%","1,03%","66,42%","-50,19%","1,46%","14,86%",Centro / Otros,1,Bajo (<5%)
Malta,2020,76.0,3.7,79.7,7.98,25.9,40,9.7,"0,53%","23,33%","1,53%","39,91%","0,39%","-0,12%","14,12%",Centro / Otros,1,Bajo (<5%)
Malta,2021,77.8,2.8,80.7,8.25,26.7,40,10.5,"2,37%","-24,32%","1,25%","3,45%","3,09%","-1,00%","8,25%",Centro / Otros,1,Bajo (<5%)
Malta,2022,80.1,2.7,82.7,7.13,35.2,39,7.6,"2,96%","-3,57%","2,48%","-13,64%","31,84%","-0,95%","-27,62%",Centro / Otros,1,Bajo (<5%)
Malta,2023,81.3,2.7,84.0,8.65,23.9,39,7.6,"1,50%","0,00%","1,57%","21,40%","-32,10%","-0,06%","0,00%",Centro / Otros,1,Bajo (<5%)
Malta,2024,82.7,2.5,85.2,7.88,22.2,39,7.2,"1,72%","-7,41%","1,43%","-8,96%","-7,11%","0,32%","-5,26%",Centro / Otros,1,Bajo (<5%)
Malta,2025,83.6,2.5,86.0,6.8,21.7,40,8.5,"1,09%","0,00%","0,94%","-13,65%","-2,25%","0,64%","18,06%",Centro / Otros,1,Bajo (<5%)
Países Bajos,2009,77.6,3.8,81.4,12.23,20.5,32,6.5,,,,,,,,Centro / Otros,1,Bajo (<5%)
Países Bajos,2010,77.0,4.3,81.3,12.25,23.1,32,6.8,"-0,77%","13,16%","-0,12%","0,20%","12,68%","-0,93%","4,62%",Centro / Otros,1,Bajo (<5%)
Países Bajos,2011,77.2,4.3,81.5,12.2,28.5,32,6.5,"0,26%","0,00%","0,25%","-0,41%","23,38%","-0,39%","-4,41%",Centro / Otros,1,Bajo (<5%)
Países Bajos,2012,77.5,5.0,82.4,12.25,30.1,32,7.2,"0,39%","16,28%","1,10%","0,41%","5,61%","-0,47%","10,77%",Centro / Otros,1,Medio (5-10%)
Países Bajos,2013,76.7,6.2,82.9,11.78,32.3,32,8.2,"-1,03%","24,00%","0,61%","-3,88%","7,31%","-0,86%","13,89%",Centro / Otros,1,Medio (5-10%)
Países Bajos,2014,76.3,6.3,82.6,11.33,36.3,32,8.2,"-0,52%","1,61%","-0,36%","-3,82%","12,38%","0,71%","0,00%",Centro / Otros,1,Medio (5-10%)
Países Bajos,2015,77.2,6.0,83.1,11.25,39.9,32,7.3,"1,18%","-4,76%","0,61%","-0,66%","9,92%","-0,24%","-10,98%",Centro / Otros,1,Medio (5-10%)
Países Bajos,2016,77.9,5.2,83.2,11.03,38.2,32,6.9,"0,91%","-13,33%","0,12%","-2,00%","-4,26%","0,87%","-5,48%",Centro / Otros,1,Medio (5-10%)
Países Bajos,2017,78.9,4.3,83.2,11.0,35.1,32,6.5,"1,28%","-17,31%","0,00%","-0,23%","-8,12%","0,16%","-5,80%",Centro / Otros,1,Bajo (<5%)
Países Bajos,2018,80.0,3.6,83.6,11.18,30.1,32,6.3,"1,39%","-16,28%","0,48%","1,59%","-14,25%","0,39%","-3,08%",Centro / Otros,1,Bajo (<5%)
Países Bajos,2019,81.0,3.2,84.2,10.7,23.8,32,6.3,"1,25%","-11,11%","0,72%","-4,25%","-20,93%","0,31%","0,00%",Centro / Otros,1,Bajo (<5%)
Países Bajos,2020,80.8,3.5,84.3,11.28,18.8,32,6.3,"-0,25%","9,38%","0,12%","5,37%","-21,01%","-0,77%","0,00%",Centro / Otros,1,Bajo (<5%)
Países Bajos,2021,81.7,3.0,84.6,9.65,23.4,33,3.9,"1,11%","-14,29%","0,36%","-14,41%","24,47%","2,89%","-38,10%",Centro / Otros,1,Bajo (<5%)
Países Bajos,2022,82.9,2.5,85.4,11.8,22.7,33,4.2,"1,47%","-16,67%","0,95%","22,28%","-2,99%","0,68%","7,69%",Centro / Otros,1,Bajo (<5%)
Países Bajos,2023,83.5,2.5,86.1,12.25,16.5,33,4.7,"0,72%","0,00%","0,82%","3,81%","-27,31%","-0,15%","11,90%",Centro / Otros,1,Bajo (<5%)
Países Bajos,2024,83.5,2.6,86.1,12.75,16.0,33,4.9,"0,00%","4,00%","0,00%","4,08%","-3,03%","-0,30%","4,26%",Centro / Otros,1,Bajo (<5%)
Países Bajos,2025,83.4,2.8,86.3,12.9,15.6,33,5.3,"-0,12%","7,69%","0,23%","1,18%","-2,50%","0,00%","8,16%",Centro / Otros,1,Bajo (<5%)
Macedonia del Norte,2009,47.9,22.2,70.1,4.0,83.6,44,32.8,,,,,,,,Centro / Otros,1,Alto (>10%)
Macedonia del Norte,2010,48.1,22.3,70.3,4.83,84.7,43,31.8,"0,42%","0,45%","0,29%","20,63%","1,32%","-1,09%","-3,05%",Centro / Otros,1,Alto (>10%)
Macedonia del Norte,2011,48.4,21.7,70.1,4.33,84.3,43,31.6,"0,62%","-2,69%","-0,28%","-10,36%","-0,47%","-0,98%","-0,63%",Centro / Otros,1,Alto (>10%)
Macedonia del Norte,2012,48.2,21.4,69.6,3.63,83.6,42,32.1,"-0,41%","-1,38%","-0,71%","-16,18%","-0,83%","-1,34%","1,58%",Centro / Otros,1,Alto (>10%)
Macedonia del Norte,2013,50.3,20.1,70.4,3.35,83.8,42,31.3,"4,36%","-6,07%","1,15%","-7,59%","0,24%","0,24%","-2,49%",Centro / Otros,1,Alto (>10%)
Macedonia del Norte,2014,51.3,19.5,70.8,3.15,84.7,42,31.9,"1,99%","-2,99%","0,57%","-5,97%","1,07%","-0,77%","1,92%",Centro / Otros,1,Alto (>10%)
Macedonia del Norte,2015,51.9,18.3,70.2,2.58,82.9,42,32.5,"1,17%","-6,15%","-0,85%","-18,25%","-2,13%","-0,24%","1,88%",Centro / Otros,1,Alto (>10%)
Macedonia del Norte,2016,53.3,16.3,69.6,2.58,81.9,42,31.3,"2,70%","-10,93%","-0,85%","0,00%","-1,21%","-0,36%","-3,69%",Centro / Otros,1,Alto (>10%)
Macedonia del Norte,2017,54.8,15.5,70.3,3.05,78.9,43,31.1,"2,81%","-4,91%","1,01%","18,45%","-3,66%","1,80%","-0,64%",Centro / Otros,1,Alto (>10%)
Macedonia del Norte,2018,56.1,14.4,70.4,4.85,75.7,42,29.8,"2,37%","-7,10%","0,14%","59,02%","-4,06%","-0,59%","-4,18%",Centro / Otros,1,Alto (>10%)
Macedonia del Norte,2019,59.2,12.3,71.5,3.65,72.5,42,24.5,"5,53%","-14,58%","1,56%","-24,74%","-4,23%","-1,83%","-17,79%",Centro / Otros,1,Alto (>10%)
Macedonia del Norte,2020,59.1,11.5,70.5,10.7,76.5,41,26.2,"-0,17%","-6,50%","-1,40%","193,15%","5,52%","-1,51%","6,94%",Centro / Otros,1,Alto (>10%)
Macedonia del Norte,2021,61.2,11.1,72.3,5.2,84.8,41,23.6,"3,55%","-3,48%","2,55%","-51,40%","10,85%","-0,18%","-9,92%",Centro / Otros,1,Alto (>10%)
Macedonia del Norte,2022,61.8,10.3,72.1,4.9,83.2,41,22.8,"0,98%","-7,21%","-0,28%","-5,77%","-1,89%","0,00%","-3,39%",Centro / Otros,1,Alto (>10%)
Macedonia del Norte,2023,61.7,9.2,71.0,4.55,73.0,41,24.1,"-0,16%","-10,68%","-1,53%","-7,14%","-12,26%","-0,12%","5,70%",Centro / Otros,1,Medio (5-10%)
Macedonia del Norte,2024,62.7,8.7,71.3,5.0,66.1,41,22.6,"1,62%","-5,43%","0,42%","9,89%","-9,45%","0,31%","-6,22%",Centro / Otros,1,Medio (5-10%)
Macedonia del Norte,2025,63.7,8.1,71.9,4.93,69.7,41,23.4,"1,59%","-6,90%","0,84%","-1,50%","5,45%","-0,37%","3,54%",Centro / Otros,1,Medio (5-10%)
Noruega,2009,80.9,2.4,83.3,17.4,27.5,35,7.4,,,,,,,,Centro / Otros,1,Bajo (<5%)
Noruega,2010,80.0,2.8,82.8,16.78,32.1,35,7.9,"-1,11%","16,67%","-0,60%","-3,59%","16,73%","-0,29%","6,76%",Centro / Otros,1,Bajo (<5%)
Noruega,2011,80.4,2.5,82.9,16.53,37.8,35,7.8,"0,50%","-10,71%","0,12%","-1,49%","17,76%","0,07%","-1,27%",Centro / Otros,1,Bajo (<5%)
Noruega,2012,80.4,2.5,82.9,16.38,30.1,35,7.6,"0,00%","0,00%","0,00%","-0,91%","-20,37%","0,36%","-2,56%",Centro / Otros,1,Bajo (<5%)
Noruega,2013,80.2,2.8,83.0,16.9,32.3,35,8.3,"-0,25%","12,00%","0,12%","3,21%","7,31%","0,00%","9,21%",Centro / Otros,1,Bajo (<5%)
Noruega,2014,80.1,2.8,82.9,16.43,34.5,35,8.4,"-0,12%","0,00%","-0,12%","-2,81%","6,81%","0,43%","1,20%",Centro / Otros,1,Bajo (<5%)
Noruega,2015,79.7,3.5,83.2,16.68,35.2,35,8.3,"-0,50%","25,00%","0,36%","1,52%","2,03%","-0,50%","-1,19%",Centro / Otros,1,Bajo (<5%)
Noruega,2016,79.4,3.5,83.0,16.13,39.8,35,8.4,"-0,38%","0,00%","-0,24%","-3,30%","13,07%","0,00%","1,20%",Centro / Otros,1,Bajo (<5%)
Noruega,2017,79.2,3.1,82.3,16.3,42.7,35,7.7,"-0,25%","-11,43%","-0,84%","1,09%","7,29%","0,22%","-8,33%",Centro / Otros,1,Bajo (<5%)
Noruega,2018,80.0,2.9,82.9,16.28,40.5,35,7.6,"1,01%","-6,45%","0,73%","-0,15%","-5,15%","-0,36%","-1,30%",Centro / Otros,1,Bajo (<5%)
Noruega,2019,80.2,2.8,83.0,16.63,36.3,35,7.5,"0,25%","-3,45%","0,12%","2,15%","-10,37%","-0,29%","-1,32%",Centro / Otros,1,Bajo (<5%)
Noruega,2020,79.7,3.5,83.1,18.73,29.7,35,7.8,"-0,62%","25,00%","0,12%","12,63%","-18,18%","0,00%","4,00%",Centro / Otros,1,Bajo (<5%)
Noruega,2021,80.0,3.1,83.0,18.18,28.5,35,7.4,"0,38%","-11,43%","-0,12%","-2,94%","-4,04%","2,10%","-5,13%",Centro / Otros,1,Bajo (<5%)
Noruega,2022,80.9,2.2,83.1,18.23,23.2,36,6.8,"1,13%","-29,03%","0,12%","0,28%","-18,60%","0,78%","-8,11%",Centro / Otros,1,Bajo (<5%)
Noruega,2023,80.4,2.4,82.7,18.48,16.8,36,6.4,"-0,62%","9,09%","-0,48%","1,37%","-27,59%","0,07%","-5,88%",Centro / Otros,1,Bajo (<5%)
Noruega,2024,80.0,2.6,82.6,18.75,19.7,36,6.8,"-0,50%","8,33%","-0,12%","1,49%","17,26%","0,56%","6,25%",Centro / Otros,1,Bajo (<5%)
Noruega,2025,79.5,2.8,82.3,18.58,20.7,36,6.9,"-0,63%","7,69%","-0,36%","-0,93%","5,08%","0,28%","1,47%",Centro / Otros,1,Bajo (<5%)
Polonia,2009,62.6,5.7,68.3,5.38,31.1,41,14.3,,,,,,,,Centro / Otros,1,Medio (5-10%)
Polonia,2010,62.2,6.8,68.9,5.6,31.9,41,14.9,"-0,64%","19,30%","0,88%","4,19%","2,57%","-0,37%","4,20%",Centro / Otros,1,Medio (5-10%)
Polonia,2011,62.5,6.8,69.3,5.23,38.0,41,15.4,"0,48%","0,00%","0,58%","-6,70%","19,12%","-0,06%","3,36%",Centro / Otros,1,Medio (5-10%)
Polonia,2012,62.9,7.2,70.1,5.63,41.3,41,15.9,"0,64%","5,88%","1,15%","7,66%","8,68%","0,24%","3,25%",Centro / Otros,1,Medio (5-10%)
Polonia,2013,63.2,7.4,70.5,5.95,43.3,41,16.4,"0,48%","2,78%","0,57%","5,78%","4,84%","0,12%","3,14%",Centro / Otros,1,Medio (5-10%)
Polonia,2014,64.9,6.5,71.4,6.0,43.5,41,15.7,"2,69%","-12,16%","1,28%","0,84%","0,46%","-0,06%","-4,27%",Centro / Otros,1,Medio (5-10%)
Polonia,2015,66.3,5.4,71.8,6.08,40.2,41,14.9,"2,16%","-16,92%","0,56%","1,25%","-7,59%","-0,06%","-5,10%",Centro / Otros,1,Medio (5-10%)
Polonia,2016,68.2,4.5,72.6,6.23,36.0,41,14.0,"2,87%","-16,67%","1,11%","2,47%","-10,45%","-0,06%","-6,04%",Centro / Otros,1,Bajo (<5%)
Polonia,2017,70.0,3.6,73.6,6.63,31.7,41,13.0,"2,64%","-20,00%","1,38%","6,43%","-11,94%","-0,49%","-7,14%",Centro / Otros,1,Bajo (<5%)
Polonia,2018,71.4,2.9,74.2,7.1,27.5,41,12.2,"2,00%","-19,44%","0,82%","7,17%","-13,25%","-0,25%","-6,15%",Centro / Otros,1,Bajo (<5%)
Polonia,2019,72.6,2.4,75.0,6.93,21.8,41,11.4,"1,68%","-17,24%","1,08%","-2,46%","-20,73%","-0,12%","-6,56%",Centro / Otros,1,Bajo (<5%)
Polonia,2020,72.8,2.4,75.2,9.68,20.2,40,12.5,"0,28%","0,00%","0,27%","39,71%","-7,34%","-0,62%","9,65%",Centro / Otros,1,Bajo (<5%)
Polonia,2021,75.5,2.6,78.1,6.45,26.9,40,13.2,"3,71%","8,33%","3,86%","-33,33%","33,17%","0,19%","5,60%",Centro / Otros,1,Bajo (<5%)
Polonia,2022,76.7,2.2,79.0,5.83,31.0,40,10.7,"1,59%","-15,38%","1,15%","-9,69%","15,24%","0,12%","-18,94%",Centro / Otros,1,Bajo (<5%)
Polonia,2023,77.9,2.2,80.1,5.98,27.9,40,9.1,"1,56%","0,00%","1,39%","2,58%","-10,00%","-0,49%","-14,95%",Centro / Otros,1,Bajo (<5%)
Polonia,2024,78.4,2.3,80.6,6.23,28.0,40,9.4,"0,64%","4,55%","0,62%","4,18%","0,36%","-0,19%","3,30%",Centro / Otros,1,Bajo (<5%)
Polonia,2025,78.8,2.5,81.3,6.15,27.3,40,9.2,"0,51%","8,70%","0,87%","-1,20%","-2,50%","-0,25%","-2,13%",Centro / Otros,1,Bajo (<5%)
Portugal,2009,67.6,8.1,75.7,7.5,45.8,40,12.6,,,,,,,,Sur (Volátil),0,Medio (5-10%)
Portugal,2010,66.9,9.2,76.1,7.4,53.6,40,13.3,"-1,04%","13,58%","0,53%","-1,33%","17,03%","0,06%","5,56%",Sur (Volátil),0,Medio (5-10%)
Portugal,2011,66.6,10.1,76.8,8.4,49.9,40,13.9,"-0,45%","9,78%","0,92%","13,51%","-6,90%","0,76%","4,51%",Sur (Volátil),0,Alto (>10%)
Portugal,2012,64.0,12.4,76.4,8.65,49.9,40,15.6,"-3,90%","22,77%","-0,52%","2,98%","0,00%","-0,06%","12,23%",Sur (Volátil),0,Alto (>10%)
Portugal,2013,63.4,13.0,76.3,8.6,58.0,40,16.5,"-0,94%","4,84%","-0,13%","-0,58%","16,23%","0,63%","5,77%",Sur (Volátil),0,Alto (>10%)
Portugal,2014,66.1,11.0,77.1,8.73,60.9,40,14.6,"4,26%","-15,38%","1,05%","1,45%","5,00%","0,81%","-11,52%",Sur (Volátil),0,Alto (>10%)
Portugal,2015,67.9,9.9,77.8,8.65,59.0,40,13.1,"2,72%","-10,00%","0,91%","-0,86%","-3,12%","-0,93%","-10,27%",Sur (Volátil),0,Medio (5-10%)
Portugal,2016,69.5,8.9,78.4,9.05,57.0,40,12.7,"2,36%","-10,10%","0,77%","4,62%","-3,39%","-0,37%","-3,05%",Sur (Volátil),0,Medio (5-10%)
Portugal,2017,72.5,7.2,79.6,8.93,51.4,40,10.6,"4,32%","-19,10%","1,53%","-1,38%","-9,82%","0,31%","-16,54%",Sur (Volátil),0,Medio (5-10%)
Portugal,2018,74.6,5.6,80.2,9.13,45.8,40,9.5,"2,90%","-22,22%","0,75%","2,24%","-10,89%","0,12%","-10,38%",Sur (Volátil),0,Medio (5-10%)
Portugal,2019,75.4,5.2,80.6,8.83,44.0,40,9.1,"1,07%","-7,14%","0,50%","-3,29%","-3,93%","-0,31%","-4,21%",Sur (Volátil),0,Medio (5-10%)
Portugal,2020,73.9,5.5,79.4,14.7,33.7,40,11.0,"-1,99%","5,77%","-1,49%","66,57%","-23,41%","-0,56%","20,88%",Sur (Volátil),0,Medio (5-10%)
Portugal,2021,75.5,5.4,80.9,12.55,44.1,40,9.7,"2,17%","-1,82%","1,89%","-14,63%","30,86%","0,50%","-11,82%",Sur (Volátil),0,Medio (5-10%)
Portugal,2022,77.1,5.0,82.1,11.08,46.9,40,8.5,"2,12%","-7,41%","1,48%","-11,75%","6,35%","-0,06%","-12,37%",Sur (Volátil),0,Medio (5-10%)
Portugal,2023,78.0,5.3,83.3,10.4,38.9,40,8.9,"1,17%","6,00%","1,46%","-6,09%","-17,06%","-0,19%","4,71%",Sur (Volátil),0,Medio (5-10%)
Portugal,2024,78.5,5.3,83.7,10.6,38.3,40,8.7,"0,64%","0,00%","0,48%","1,92%","-1,54%","-0,31%","-2,25%",Sur (Volátil),0,Medio (5-10%)
Portugal,2025,79.6,5.0,84.6,10.45,37.8,40,8.0,"1,40%","-5,66%","1,08%","-1,42%","-1,31%","0,00%","-8,05%",Sur (Volátil),0,Medio (5-10%)
Rumanía,2009,53.9,4.7,58.6,2.35,31.7,41,17.9,,,,,,,,Centro / Otros,1,Bajo (<5%)
Rumanía,2010,56.3,5.4,61.7,1.98,34.7,40,24.2,"4,45%","14,89%","5,29%","-15,96%","9,46%","-0,55%","35,20%",Centro / Otros,1,Medio (5-10%)
Rumanía,2011,56.0,5.4,61.5,1.75,40.9,40,24.4,"-0,53%","0,00%","-0,32%","-11,39%","17,87%","0,06%","0,83%",Centro / Otros,1,Medio (5-10%)
Rumanía,2012,56.8,5.2,62.0,1.63,43.8,40,24.3,"1,43%","-3,70%","0,81%","-7,14%","7,09%","-0,12%","-0,41%",Centro / Otros,1,Medio (5-10%)
Rumanía,2013,56.9,5.4,62.3,1.65,44.8,40,24.5,"0,18%","3,85%","0,48%","1,54%","2,28%","-0,31%","0,82%",Centro / Otros,1,Medio (5-10%)
Rumanía,2014,58.0,5.2,63.2,1.85,41.1,40,24.8,"1,93%","-3,70%","1,44%","12,12%","-8,26%","-0,12%","1,22%",Centro / Otros,1,Medio (5-10%)
Rumanía,2015,59.2,5.2,64.4,1.68,43.5,40,25.8,"2,07%","0,00%","1,90%","-9,46%","5,84%","-0,44%","4,03%",Centro / Otros,1,Medio (5-10%)
Rumanía,2016,60.3,4.4,64.8,1.5,49.6,40,24.3,"1,86%","-15,38%","0,62%","-10,45%","14,02%","0,06%","-5,81%",Centro / Otros,1,Bajo (<5%)
Rumanía,2017,62.7,3.9,66.6,1.65,41.1,40,22.1,"3,98%","-11,36%","2,78%","10,00%","-17,14%","-0,31%","-9,05%",Centro / Otros,1,Bajo (<5%)
Rumanía,2018,63.9,3.3,67.2,1.68,42.8,40,21.3,"1,91%","-15,38%","0,90%","1,52%","4,14%","-0,19%","-3,62%",Centro / Otros,1,Bajo (<5%)
Rumanía,2019,65.1,3.1,68.2,1.65,42.0,40,20.9,"1,88%","-6,06%","1,49%","-1,49%","-1,87%","0,38%","-1,88%",Centro / Otros,1,Bajo (<5%)
Rumanía,2020,65.2,4.0,69.1,4.7,29.6,40,20.6,"0,15%","29,03%","1,32%","184,85%","-29,52%","-0,19%","-1,44%",Centro / Otros,1,Bajo (<5%)
Rumanía,2021,67.1,3.7,70.8,1.78,37.6,40,20.3,"2,91%","-7,50%","2,46%","-62,23%","27,03%","0,50%","-1,46%",Centro / Otros,1,Bajo (<5%)
Rumanía,2022,68.5,3.8,72.3,1.98,40.0,40,19.8,"2,09%","2,70%","2,12%","11,27%","6,38%","0,06%","-2,46%",Centro / Otros,1,Bajo (<5%)
Rumanía,2023,68.7,3.8,72.5,2.05,40.1,40,19.3,"0,29%","0,00%","0,28%","3,80%","0,25%","-0,19%","-2,53%",Centro / Otros,1,Bajo (<5%)
Rumanía,2024,69.5,3.6,73.1,2.3,36.1,40,19.4,"1,16%","-5,26%","0,83%","12,20%","-9,98%","-0,25%","0,52%",Centro / Otros,1,Bajo (<5%)
Rumanía,2025,69.0,4.1,73.1,2.43,36.5,40,19.2,"-0,72%","13,89%","0,00%","5,43%","1,11%","-0,12%","-1,03%",Centro / Otros,1,Bajo (<5%)
Eslovaquia,2009,68.3,9.0,77.3,6.05,64.1,41,16.5,,,,,,,,Centro / Otros,1,Medio (5-10%)
Eslovaquia,2010,66.5,10.8,77.3,5.45,76.0,41,18.2,"-2,64%","20,00%","0,00%","-9,92%","18,56%","-0,31%","10,30%",Centro / Otros,1,Alto (>10%)
Eslovaquia,2011,66.8,10.1,76.9,5.38,80.6,41,18.0,"0,45%","-6,48%","-0,52%","-1,38%","6,05%","-0,06%","-1,10%",Centro / Otros,1,Alto (>10%)
Eslovaquia,2012,66.9,10.5,77.4,5.9,79.4,41,18.0,"0,15%","3,96%","0,65%","9,77%","-1,49%","0,37%","0,00%",Centro / Otros,1,Alto (>10%)
Eslovaquia,2013,66.9,10.7,77.6,6.03,82.9,41,18.3,"0,00%","1,90%","0,26%","2,12%","4,41%","-0,06%","1,67%",Centro / Otros,1,Alto (>10%)
Eslovaquia,2014,67.8,10.0,77.8,6.45,83.2,41,17.5,"1,35%","-6,54%","0,26%","7,05%","0,36%","-0,61%","-4,37%",Centro / Otros,1,Alto (>10%)
Eslovaquia,2015,69.6,8.8,78.4,6.63,78.1,40,16.4,"2,65%","-12,00%","0,77%","2,71%","-6,13%","-0,62%","-6,29%",Centro / Otros,1,Medio (5-10%)
Eslovaquia,2016,71.8,7.5,79.3,6.6,71.7,40,15.1,"3,16%","-14,77%","1,15%","-0,38%","-8,19%","-0,37%","-7,93%",Centro / Otros,1,Medio (5-10%)
Eslovaquia,2017,73.2,6.2,79.5,6.63,73.6,40,15.1,"1,95%","-17,33%","0,25%","0,38%","2,65%","-0,44%","0,00%",Centro / Otros,1,Medio (5-10%)
Eslovaquia,2018,74.5,5.0,79.6,7.25,72.8,40,13.8,"1,78%","-19,35%","0,13%","9,43%","-1,09%","0,38%","-8,61%",Centro / Otros,1,Medio (5-10%)
Eslovaquia,2019,75.6,4.4,80.0,6.65,68.9,40,13.7,"1,48%","-12,00%","0,50%","-8,28%","-5,36%","0,25%","-0,72%",Centro / Otros,1,Bajo (<5%)
Eslovaquia,2020,74.6,5.2,79.8,12.3,56.4,40,14.4,"-1,32%","18,18%","-0,25%","84,96%","-18,14%","-0,44%","5,11%",Centro / Otros,1,Medio (5-10%)
Eslovaquia,2021,74.6,5.4,80.0,12.28,57.3,40,14.2,"0,00%","3,85%","0,25%","-0,20%","1,60%","-1,00%","-1,39%",Centro / Otros,1,Medio (5-10%)
Eslovaquia,2022,76.7,4.9,81.6,10.93,67.6,40,12.3,"2,82%","-9,26%","2,00%","-11,00%","17,98%","-0,06%","-13,38%",Centro / Otros,1,Bajo (<5%)
Eslovaquia,2023,77.5,4.7,82.2,10.08,66.9,40,11.2,"1,04%","-4,08%","0,74%","-7,78%","-1,04%","0,00%","-8,94%",Centro / Otros,1,Bajo (<5%)
Eslovaquia,2024,78.1,4.2,82.4,9.38,67.0,40,10.7,"0,77%","-10,64%","0,24%","-6,95%","0,15%","-0,19%","-4,46%",Centro / Otros,1,Bajo (<5%)
Eslovaquia,2025,78.1,4.4,82.5,8.53,64.7,40,11.1,"0,00%","4,76%","0,12%","-9,07%","-3,43%","0,00%","3,74%",Centro / Otros,1,Bajo (<5%)
Eslovenia,2009,71.4,4.4,75.8,12.4,31.7,40,8.0,,,,,,,,Centro / Otros,1,Bajo (<5%)
Eslovenia,2010,69.7,5.5,75.1,11.8,45.9,40,8.0,"-2,38%","25,00%","-0,92%","-4,84%","44,79%","-0,87%","0,00%",Centro / Otros,1,Medio (5-10%)
Eslovenia,2011,67.8,6.1,73.9,10.55,46.5,40,8.0,"-2,73%","10,91%","-1,60%","-10,59%","1,31%","0,06%","0,00%",Centro / Otros,1,Medio (5-10%)
Eslovenia,2012,67.8,6.6,74.4,9.1,49.5,40,10.1,"0,00%","8,20%","0,68%","-13,74%","6,45%","0,19%","26,25%",Centro / Otros,1,Medio (5-10%)
Eslovenia,2013,66.7,7.6,74.3,8.6,52.8,40,11.0,"-1,62%","15,15%","-0,13%","-5,49%","6,67%","-0,06%","8,91%",Centro / Otros,1,Medio (5-10%)
Eslovenia,2014,67.3,7.3,74.6,10.43,56.0,40,11.0,"0,90%","-3,95%","0,40%","21,22%","6,06%","-0,50%","0,00%",Centro / Otros,1,Medio (5-10%)
Eslovenia,2015,68.6,6.8,75.4,10.65,53.5,40,10.5,"1,93%","-6,85%","1,07%","2,16%","-4,46%","-0,25%","-4,55%",Centro / Otros,1,Medio (5-10%)
Eslovenia,2016,69.5,6.1,75.6,10.6,55.0,40,9.3,"1,31%","-10,29%","0,27%","-0,47%","2,80%","-0,13%","-11,43%",Centro / Otros,1,Medio (5-10%)
Eslovenia,2017,72.9,5.1,78.0,10.4,49.6,40,7.9,"4,89%","-16,39%","3,17%","-1,89%","-9,82%","-0,25%","-15,05%",Centro / Otros,1,Medio (5-10%)
Eslovenia,2018,74.9,4.1,78.9,10.78,44.5,40,7.5,"2,74%","-19,61%","1,15%","3,61%","-10,28%","0,13%","-5,06%",Centro / Otros,1,Bajo (<5%)
Eslovenia,2019,75.9,3.5,79.3,11.2,44.5,40,7.5,"1,34%","-14,63%","0,51%","3,94%","0,00%","0,51%","0,00%",Centro / Otros,1,Bajo (<5%)
Eslovenia,2020,74.8,3.9,78.7,16.73,39.3,40,7.9,"-1,45%","11,43%","-0,76%","49,33%","-11,69%","-0,25%","5,33%",Centro / Otros,1,Bajo (<5%)
Eslovenia,2021,76.1,3.7,79.8,9.6,40.4,40,7.3,"1,74%","-5,13%","1,40%","-42,60%","2,80%","0,06%","-7,59%",Centro / Otros,1,Bajo (<5%)
Eslovenia,2022,77.9,3.1,81.1,10.23,41.0,40,8.4,"2,37%","-16,22%","1,63%","6,51%","1,49%","-0,13%","15,07%",Centro / Otros,1,Bajo (<5%)
Eslovenia,2023,77.5,2.7,80.2,12.85,40.7,40,7.8,"-0,51%","-12,90%","-1,11%","25,67%","-0,73%","-0,25%","-7,14%",Centro / Otros,1,Bajo (<5%)
Eslovenia,2024,78.3,2.7,81.0,12.9,33.7,40,7.6,"1,03%","0,00%","1,00%","0,39%","-17,20%","0,00%","-2,56%",Centro / Otros,1,Bajo (<5%)
Eslovenia,2025,78.3,2.9,81.2,13.38,31.6,39,7.6,"0,00%","7,41%","0,25%","3,68%","-6,23%","-0,19%","0,00%",Centro / Otros,1,Bajo (<5%)
España,2009,64.0,13.3,77.2,8.98,24.2,39,19.9,,,,,,,,Centro / Otros,1,Alto (>10%)
España,2010,62.8,15.0,77.8,8.75,37.3,39,20.0,"-1,88%","12,78%","0,78%","-2,51%","54,13%","-0,51%","0,50%",Centro / Otros,1,Alto (>10%)
España,2011,62.0,16.4,78.3,8.2,42.4,39,20.6,"-1,27%","9,33%","0,64%","-6,29%","13,67%","-0,58%","3,00%",Centro / Otros,1,Alto (>10%)
España,2012,59.6,19.1,78.8,8.15,45.0,38,22.2,"-3,87%","16,46%","0,64%","-0,61%","6,13%","-0,78%","7,77%",Centro / Otros,1,Alto (>10%)
España,2013,58.6,20.2,78.8,8.1,50.4,38,22.5,"-1,68%","5,76%","0,00%","-0,61%","12,00%","-0,46%","1,35%",Centro / Otros,1,Alto (>10%)
España,2014,59.9,19.0,78.9,7.85,53.6,38,20.7,"2,22%","-5,94%","0,13%","-3,09%","6,35%","-0,13%","-8,00%",Centro / Otros,1,Alto (>10%)
España,2015,62.0,17.1,79.1,7.68,52.5,38,19.4,"3,51%","-10,00%","0,25%","-2,23%","-2,05%","-0,39%","-6,28%",Centro / Otros,1,Alto (>10%)
España,2016,63.9,15.3,79.2,7.88,49.3,38,18.1,"3,06%","-10,53%","0,13%","2,61%","-6,10%","-0,07%","-6,70%",Centro / Otros,1,Alto (>10%)
España,2017,65.5,13.3,78.9,8.23,45.5,38,16.4,"2,50%","-13,07%","-0,38%","4,44%","-7,71%","-0,26%","-9,39%",Centro / Otros,1,Alto (>10%)
España,2018,67.0,11.8,78.8,8.3,42.7,38,15.3,"2,29%","-11,28%","-0,13%","0,91%","-6,15%","0,13%","-6,71%",Centro / Otros,1,Alto (>10%)
España,2019,68.0,10.9,78.9,8.6,38.7,38,14.9,"1,49%","-7,63%","0,13%","3,61%","-9,37%","-0,46%","-2,61%",Centro / Otros,1,Alto (>10%)
España,2020,65.7,11.8,77.5,15.88,32.6,38,17.3,"-3,38%","8,26%","-1,77%","84,59%","-15,76%","-0,20%","16,11%",Centro / Otros,1,Alto (>10%)
España,2021,67.5,11.6,79.0,11.48,42.6,37,14.2,"2,74%","-1,69%","1,94%","-27,72%","30,67%","-0,13%","-17,92%",Centro / Otros,1,Alto (>10%)
España,2022,69.3,10.1,79.4,11.28,40.0,38,12.7,"2,67%","-12,93%","0,51%","-1,74%","-6,10%","0,87%","-10,56%",Centro / Otros,1,Alto (>10%)
España,2023,70.5,9.5,80.1,11.25,35.9,38,12.3,"1,73%","-5,94%","0,88%","-0,22%","-10,25%","-0,26%","-3,15%",Centro / Otros,1,Medio (5-10%)
España,2024,71.4,8.8,80.2,11.8,34.5,38,12.0,"1,28%","-7,37%","0,12%","4,89%","-3,90%","-0,20%","-2,44%",Centro / Otros,1,Medio (5-10%)
España,2025,72.4,8.3,80.7,11.85,33.0,38,11.5,"1,40%","-5,68%","0,62%","0,42%","-4,35%","-0,13%","-4,17%",Centro / Otros,1,Medio (5-10%)
Turquía,2009,47.8,6.6,54.5,3.68,23.5,50,38.1,,,,,,,,Centro / Otros,1,Medio (5-10%)
Turquía,2010,50.0,5.8,55.9,3.58,27.1,49,35.2,"4,60%","-12,12%","2,57%","-2,72%","15,32%","-0,25%","-7,61%",Centro / Otros,1,Medio (5-10%)
Turquía,2011,52.2,4.9,57.2,3.48,24.9,49,32.7,"4,40%","-15,52%","2,33%","-2,80%","-8,12%","-0,66%","-7,10%",Centro / Otros,1,Bajo (<5%)
Turquía,2012,52.8,4.6,57.4,3.03,22.8,49,31.7,"1,15%","-6,12%","0,35%","-12,95%","-8,43%","-1,02%","-3,06%",Centro / Otros,1,Bajo (<5%)
Turquía,2013,53.4,5.0,58.4,3.38,22.5,48,29.3,"1,14%","8,70%","1,74%","11,57%","-1,32%","-1,03%","-7,57%",Centro / Otros,1,Medio (5-10%)
Turquía,2014,53.2,5.7,58.9,3.43,21.5,48,28.4,"-0,37%","14,00%","0,86%","1,48%","-4,44%","-0,31%","-3,07%",Centro / Otros,1,Medio (5-10%)
Turquía,2015,53.9,6.0,59.9,3.48,22.0,48,27.9,"1,32%","5,26%","1,70%","1,46%","2,33%","-0,52%","-1,76%",Centro / Otros,1,Medio (5-10%)
Turquía,2016,54.4,6.5,60.9,4.03,21.6,47,27.8,"0,93%","8,33%","1,67%","15,83%","-1,82%","-1,21%","-0,36%",Centro / Otros,1,Medio (5-10%)
Turquía,2017,55.3,6.6,61.9,3.78,22.9,47,27.5,"1,65%","1,54%","1,64%","-6,21%","6,02%","-0,74%","-1,08%",Centro / Otros,1,Medio (5-10%)
Turquía,2018,55.6,6.7,62.3,4.15,23.2,46,27.6,"0,54%","1,52%","0,65%","9,93%","1,31%","-1,66%","0,36%",Centro / Otros,1,Medio (5-10%)
Turquía,2019,53.8,8.4,62.2,4.68,24.5,46,29.5,"-3,24%","25,37%","-0,16%","12,65%","5,60%","-0,60%","6,88%",Centro / Otros,1,Medio (5-10%)
Turquía,2020,51.0,7.6,58.7,10.28,25.8,45,32.0,"-5,20%","-9,52%","-5,63%","119,79%","5,31%","-1,91%","8,47%",Centro / Otros,1,Medio (5-10%)
Turquía,2021,53.9,7.3,61.2,7.35,32.0,45,28.4,"5,69%","-3,95%","4,26%","-28,47%","24,03%","1,34%","-11,25%",Centro / Otros,1,Medio (5-10%)
Turquía,2022,56.5,6.6,63.1,5.6,25.2,45,27.2,"4,82%","-9,59%","3,10%","-23,81%","-21,25%","-0,28%","-4,23%",Centro / Otros,1,Medio (5-10%)
Turquía,2023,57.3,5.9,63.1,6.23,22.8,45,25.8,"1,42%","-10,61%","0,00%","11,16%","-9,52%","-0,44%","-5,15%",Centro / Otros,1,Medio (5-10%)
Turquía,2024,58.5,5.5,64.0,7.55,20.6,44,25.9,"2,09%","-6,78%","1,43%","21,29%","-9,65%","-1,66%","0,39%",Centro / Otros,1,Medio (5-10%)
Turquía,2025,58.1,5.2,63.4,7.15,19.3,44,26.3,"-0,68%","-5,45%","-0,94%","-5,30%","-6,31%","-0,56%","1,54%",Centro / Otros,1,Medio (5-10%)
