pais;año;empleo;desempleo;actividad;absentismo;parados_larga_dur;horas_hab_trabajadas;poblacion_neet;empleo_yoy;desempleo_yoy;actividad_yoy;absentismo_yoy;parados_larga_dur_yoy;horas_hab_trab_yoy;poblacion_neet_yoy
Austria;2009;73,40%;4,10%;77,50%;11,88%;25,80%;38;10,00%;;;;;;;
Austria;2010;73,90%;3,80%;77,70%;11,70%;30,50%;38;9,50%;0,68%;-7,32%;0,26%;-1,47%;18,22%;-0,65%;-5,00%
Austria;2011;74,20%;3,60%;77,80%;11,55%;31,30%;38;8,90%;0,41%;-5,26%;0,13%;-1,28%;2,62%;-0,20%;-6,32%
Austria;2012;74,40%;3,90%;78,30%;12,00%;29,60%;38;8,60%;0,27%;8,33%;0,64%;3,90%;-5,43%;-0,53%;-3,37%
Austria;2013;74,60%;4,30%;78,90%;12,33%;28,90%;37;9,00%;0,27%;10,26%;0,77%;2,71%;-2,36%;-0,99%;4,65%
Austria;2014;74,20%;4,60%;78,80%;11,45%;32,30%;37;9,70%;-0,54%;6,98%;-0,13%;-7,10%;11,76%;-1,00%;7,78%
Austria;2015;74,30%;4,70%;79,00%;12,08%;34,70%;37;9,00%;0,13%;2,17%;0,25%;5,46%;7,43%;-0,34%;-7,22%
Austria;2016;74,80%;5,00%;79,80%;11,40%;38,20%;37;9,30%;0,67%;6,38%;1,01%;-5,59%;10,09%;-0,20%;3,33%
Austria;2017;75,40%;4,60%;80,00%;11,85%;40,10%;37;8,80%;0,80%;-8,00%;0,25%;3,95%;4,97%;-0,27%;-5,38%
Austria;2018;76,20%;4,00%;80,20%;12,53%;34,30%;37;8,80%;1,06%;-13,04%;0,25%;5,70%;-14,46%;0,14%;0,00%
Austria;2019;76,80%;3,70%;80,50%;12,00%;29,60%;37;8,60%;0,79%;-7,50%;0,37%;-4,19%;-13,70%;-0,14%;-2,27%
Austria;2020;74,80%;4,70%;79,50%;15,70%;28,80%;37;9,90%;-2,60%;27,03%;-1,24%;30,83%;-2,70%;-0,34%;15,12%
Austria;2021;75,60%;4,80%;80,40%;12,50%;32,90%;36;9,40%;1,07%;2,13%;1,13%;-20,38%;14,24%;-1,37%;-5,05%
Austria;2022;77,30%;3,70%;80,90%;12,30%;26,60%;36;9,10%;2,25%;-22,92%;0,62%;-1,60%;-19,15%;-0,35%;-3,19%
Austria;2023;77,20%;3,90%;81,10%;11,70%;23,40%;36;9,40%;-0,13%;5,41%;0,25%;-4,88%;-12,03%;-0,07%;3,30%
Austria;2024;77,40%;4,00%;81,40%;13,98%;22,90%;36;9,20%;0,26%;2,56%;0,37%;19,44%;-2,14%;-0,56%;-2,13%
Austria;2025;77,60%;4,50%;82,10%;14,13%;24,10%;36;10,30%;0,26%;12,50%;0,86%;1,07%;5,24%;0,49%;11,96%
Bélgica;2009;67,10%;5,60%;72,80%;10,95%;41,80%;37;12,20%;;;;;;;
Bélgica;2010;67,60%;6,00%;73,50%;10,55%;46,10%;37;12,30%;0,75%;7,14%;0,96%;-3,65%;10,29%;0,41%;0,82%
Bélgica;2011;67,30%;5,00%;72,30%;10,60%;45,70%;37;13,10%;-0,44%;-16,67%;-1,63%;0,47%;-0,87%;-0,07%;6,50%
Bélgica;2012;67,20%;5,40%;72,60%;9,95%;41,80%;37;13,60%;-0,15%;8,00%;0,41%;-6,13%;-8,53%;0,14%;3,82%
Bélgica;2013;67,20%;6,10%;73,30%;10,30%;42,80%;37;14,10%;0,00%;12,96%;0,96%;3,52%;2,39%;0,94%;3,68%
Bélgica;2014;67,30%;6,20%;73,50%;10,18%;46,50%;37;13,30%;0,15%;1,64%;0,27%;-1,21%;8,64%;-0,40%;-5,67%
Bélgica;2015;67,20%;6,30%;73,40%;10,85%;48,10%;37;13,60%;-0,15%;1,61%;-0,14%;6,63%;3,44%;-0,07%;2,26%
Bélgica;2016;67,70%;5,70%;73,40%;10,10%;48,10%;37;12,20%;0,74%;-9,52%;0,00%;-6,91%;0,00%;-0,20%;-10,29%
Bélgica;2017;68,50%;5,20%;73,70%;9,63%;45,60%;38;11,80%;1,18%;-8,77%;0,41%;-4,70%;-5,20%;1,21%;-3,28%
Bélgica;2018;69,70%;4,40%;74,10%;10,20%;45,80%;37;11,40%;1,75%;-15,38%;0,54%;5,97%;0,44%;-0,53%;-3,39%
Bélgica;2019;70,50%;4,00%;74,50%;10,45%;40,90%;37;11,20%;1,15%;-9,09%;0,54%;2,45%;-10,70%;0,13%;-1,75%
Bélgica;2020;69,70%;4,10%;73,80%;14,90%;39,40%;37;11,30%;-1,13%;2,50%;-0,94%;42,58%;-3,67%;0,00%;0,89%
Bélgica;2021;70,60%;4,50%;75,10%;11,85%;43,70%;37;10,10%;1,29%;9,76%;1,76%;-20,47%;10,91%;-1,40%;-10,62%
Bélgica;2022;71,90%;4,00%;76,00%;10,83%;43,50%;37;9,20%;1,84%;-11,11%;1,20%;-8,65%;-0,46%;0,00%;-8,91%
Bélgica;2023;72,10%;4,00%;76,10%;11,38%;42,20%;37;9,60%;0,28%;0,00%;0,13%;5,08%;-2,99%;-0,74%;4,35%
Bélgica;2024;72,30%;4,10%;76,40%;10,93%;38,70%;37;9,90%;0,28%;2,50%;0,39%;-3,96%;-8,29%;-0,27%;3,13%
Bélgica;2025;72,80%;4,50%;77,40%;11,28%;34,20%;37;9,80%;0,69%;9,76%;1,31%;3,20%;-11,63%;0,00%;-1,01%
Bulgaria;2009;68,20%;5,60%;73,80%;2,88%;45,20%;41;20,80%;;;;;;;
Bulgaria;2010;64,10%;8,00%;72,00%;2,85%;47,60%;41;23,40%;-6,01%;42,86%;-2,44%;-0,87%;5,31%;-0,42%;12,50%
Bulgaria;2011;62,30%;8,50%;70,90%;2,43%;57,70%;41;24,70%;-2,81%;6,25%;-1,53%;-14,91%;21,22%;-0,79%;5,56%
Bulgaria;2012;62,40%;9,30%;71,70%;2,98%;57,10%;41;24,70%;0,16%;9,41%;1,13%;22,68%;-1,04%;-0,37%;0,00%
Bulgaria;2013;62,90%;10,00%;72,90%;2,75%;59,20%;41;25,70%;0,80%;7,53%;1,67%;-7,56%;3,68%;-0,06%;4,05%
Bulgaria;2014;64,40%;9,10%;73,50%;2,63%;62,00%;41;23,90%;2,38%;-9,00%;0,82%;-4,55%;4,73%;0,25%;-7,00%
Bulgaria;2015;66,50%;7,40%;73,90%;2,65%;62,80%;41;22,20%;3,26%;-18,68%;0,54%;0,95%;1,29%;0,12%;-7,11%
Bulgaria;2016;67,00%;6,30%;73,30%;2,70%;60,50%;41;22,40%;0,75%;-14,86%;-0,81%;1,89%;-3,66%;-0,12%;0,90%
Bulgaria;2017;70,60%;5,40%;76,10%;2,55%;56,80%;41;18,90%;5,37%;-14,29%;3,82%;-5,56%;-6,12%;-0,06%;-15,63%
Bulgaria;2018;71,70%;4,70%;76,40%;2,58%;60,20%;41;18,10%;1,56%;-12,96%;0,39%;0,98%;5,99%;-0,12%;-4,23%
Bulgaria;2019;74,30%;4,10%;78,40%;2,38%;58,60%;41;16,60%;3,63%;-12,77%;2,62%;-7,77%;-2,66%;-0,55%;-8,29%
Bulgaria;2020;72,70%;4,70%;77,40%;4,13%;46,60%;40;18,00%;-2,15%;14,63%;-1,28%;73,68%;-20,48%;-0,19%;8,43%
Bulgaria;2021;73,30%;4,00%;77,30%;3,18%;50,70%;40;17,40%;0,83%;-14,89%;-0,13%;-23,03%;8,80%;-0,06%;-3,33%
Bulgaria;2022;75,90%;3,30%;79,10%;2,50%;55,10%;40;14,80%;3,55%;-17,50%;2,33%;-21,26%;8,68%;-0,56%;-14,94%
Bulgaria;2023;76,20%;3,40%;79,60%;2,88%;52,90%;40;13,80%;0,40%;3,03%;0,63%;15,00%;-3,99%;-0,37%;-6,76%
Bulgaria;2024;76,80%;3,30%;80,10%;3,25%;52,40%;40;12,70%;0,79%;-2,94%;0,63%;13,04%;-0,95%;-0,19%;-7,97%
Bulgaria;2025;77,00%;2,80%;79,70%;2,90%;43,30%;40;13,80%;0,26%;-15,15%;-0,50%;-10,77%;-17,37%;-0,19%;8,66%
Croacia;2009;64,20%;6,20%;70,50%;6,38%;58,80%;41;14,90%;;;;;;;
Croacia;2010;62,10%;7,80%;69,90%;5,55%;57,80%;41;17,60%;-3,27%;25,81%;-0,85%;-12,94%;-1,70%;-0,61%;18,12%
Croacia;2011;59,80%;9,10%;69,00%;5,10%;62,90%;40;19,10%;-3,70%;16,67%;-1,29%;-8,11%;8,82%;-0,68%;8,52%
Croacia;2012;58,10%;10,70%;68,80%;5,48%;65,90%;40;19,90%;-2,84%;17,58%;-0,29%;7,35%;4,77%;-0,06%;4,19%
Croacia;2013;57,20%;11,40%;68,60%;5,90%;66,10%;40;22,10%;-1,55%;6,54%;-0,29%;7,76%;0,30%;-0,50%;11,06%
Croacia;2014;59,10%;11,70%;70,90%;6,90%;61,10%;40;21,70%;3,32%;2,63%;3,35%;16,95%;-7,56%;0,37%;-1,81%
Croacia;2015;60,50%;11,10%;71,60%;8,08%;65,90%;40;19,80%;2,37%;-5,13%;0,99%;17,03%;7,86%;-1,00%;-8,76%
Croacia;2016;61,30%;8,70%;70,00%;9,70%;53,50%;40;19,40%;1,32%;-21,62%;-2,23%;20,12%;-18,82%;-0,31%;-2,02%
Croacia;2017;63,20%;7,50%;70,80%;9,65%;41,80%;40;17,90%;3,10%;-13,79%;1,14%;-0,52%;-21,87%;0,32%;-7,73%
Croacia;2018;64,90%;5,70%;70,50%;9,78%;41,90%;40;15,50%;2,69%;-24,00%;-0,42%;1,30%;0,24%;0,06%;-13,41%
Croacia;2019;66,40%;4,50%;70,90%;10,10%;37,70%;40;14,30%;2,31%;-21,05%;0,57%;3,32%;-10,02%;0,19%;-7,74%
Croacia;2020;66,90%;5,00%;71,80%;14,33%;27,90%;40;14,50%;0,75%;11,11%;1,27%;41,83%;-25,99%;-0,13%;1,40%
Croacia;2021;68,60%;5,30%;73,80%;11,15%;36,90%;40;14,90%;2,54%;6,00%;2,79%;-22,16%;32,26%;-0,13%;2,76%
Croacia;2022;70,20%;4,90%;75,10%;9,58%;35,80%;40;13,10%;2,33%;-7,55%;1,76%;-14,13%;-2,98%;-0,31%;-12,08%
Croacia;2023;70,80%;4,40%;75,10%;10,38%;36,00%;40;11,80%;0,85%;-10,20%;0,00%;8,36%;0,56%;0,38%;-9,92%
Croacia;2024;73,60%;3,60%;77,20%;9,33%;38,40%;40;10,60%;3,95%;-18,18%;2,80%;-10,12%;6,67%;-0,38%;-10,17%
Croacia;2025;74,40%;3,50%;77,90%;9,55%;39,60%;40;10,80%;1,09%;-2,78%;0,91%;2,41%;3,13%;-0,06%;1,89%
Chipre;2009;75,30%;4,30%;79,60%;7,98%;10,40%;41;11,50%;;;;;;;
Chipre;2010;75,00%;5,00%;80,00%;8,03%;20,90%;40;12,90%;-0,40%;16,28%;0,50%;0,63%;100,96%;-0,31%;12,17%
Chipre;2011;73,40%;6,30%;79,60%;8,05%;21,30%;40;14,80%;-2,13%;26,00%;-0,50%;0,31%;1,91%;-0,80%;14,73%
Chipre;2012;70,20%;9,30%;79,60%;7,20%;30,30%;40;17,30%;-4,36%;47,62%;0,00%;-10,56%;42,25%;-0,06%;16,89%
Chipre;2013;67,20%;12,60%;79,80%;8,58%;38,40%;40;20,40%;-4,27%;35,48%;0,25%;19,10%;26,73%;-0,06%;17,92%
Chipre;2014;67,60%;12,90%;80,50%;7,35%;48,50%;40;19,50%;0,60%;2,38%;0,88%;-14,29%;26,30%;-1,19%;-4,41%
Chipre;2015;67,90%;11,90%;79,80%;7,25%;46,50%;40;18,50%;0,44%;-7,75%;-0,87%;-1,36%;-4,12%;0,25%;-5,13%
Chipre;2016;68,70%;10,20%;79,00%;6,68%;45,50%;39;18,00%;1,18%;-14,29%;-1,00%;-7,93%;-2,15%;-0,76%;-2,70%
Chipre;2017;70,80%;8,80%;79,60%;7,20%;41,60%;39;17,60%;3,06%;-13,73%;0,76%;7,87%;-8,57%;0,06%;-2,22%
Chipre;2018;73,90%;6,80%;80,60%;7,05%;32,40%;39;14,90%;4,38%;-22,73%;1,26%;-2,08%;-22,12%;0,19%;-15,34%
Chipre;2019;75,80%;5,80%;81,70%;7,28%;31,00%;40;14,70%;2,57%;-14,71%;1,36%;3,19%;-4,32%;0,13%;-1,34%
Chipre;2020;75,20%;6,20%;81,40%;14,75%;29,70%;39;15,20%;-0,79%;6,90%;-0,37%;102,75%;-4,19%;-0,51%;3,40%
Chipre;2021;76,30%;5,90%;82,20%;10,78%;36,50%;39;15,00%;1,46%;-4,84%;0,98%;-26,95%;22,90%;-0,64%;-1,32%
Chipre;2022;78,60%;5,20%;83,80%;9,55%;34,10%;39;14,40%;3,01%;-11,86%;1,95%;-11,37%;-6,58%;0,83%;-4,00%
Chipre;2023;79,50%;4,90%;84,50%;7,73%;31,90%;40;13,90%;1,15%;-5,77%;0,84%;-19,11%;-6,45%;1,21%;-3,47%
Chipre;2024;79,80%;4,10%;83,90%;7,98%;27,90%;40;12,90%;0,38%;-16,33%;-0,71%;3,24%;-12,54%;0,19%;-7,19%
Chipre;2025;81,30%;3,60%;84,90%;7,68%;22,00%;40;10,60%;1,88%;-12,20%;1,19%;-3,76%;-21,15%;-0,38%;-17,83%
República Checa;2009;70,90%;4,90%;75,80%;7,50%;30,60%;42;12,70%;;;;;;;
República Checa;2010;70,40%;5,40%;75,70%;7,18%;41,70%;41;12,90%;-0,71%;10,20%;-0,13%;-4,33%;36,27%;-0,54%;1,57%
República Checa;2011;70,90%;5,00%;75,80%;7,78%;41,50%;41;12,10%;0,71%;-7,41%;0,13%;8,36%;-0,48%;-0,24%;-6,20%
República Checa;2012;71,50%;5,20%;76,70%;8,28%;44,30%;41;12,90%;0,85%;4,00%;1,19%;6,43%;6,75%;-0,54%;6,61%
República Checa;2013;72,50%;5,30%;77,80%;8,53%;44,20%;41;12,80%;1,40%;1,92%;1,43%;3,02%;-0,23%;-0,85%;-0,78%
República Checa;2014;73,50%;4,70%;78,20%;7,98%;44,70%;41;12,10%;1,38%;-11,32%;0,51%;-6,45%;1,13%;-0,18%;-5,47%
República Checa;2015;74,80%;3,90%;78,70%;7,90%;48,10%;41;11,80%;1,77%;-17,02%;0,64%;-0,94%;7,61%;0,12%;-2,48%
República Checa;2016;76,70%;3,10%;79,90%;7,63%;42,90%;41;11,10%;2,54%;-20,51%;1,52%;-3,48%;-10,81%;-0,43%;-5,93%
República Checa;2017;78,50%;2,30%;80,80%;8,25%;36,00%;41;10,00%;2,35%;-25,81%;1,13%;8,20%;-16,08%;-0,18%;-9,91%
República Checa;2018;79,90%;1,80%;81,70%;8,18%;31,40%;40;9,50%;1,78%;-21,74%;1,11%;-0,91%;-12,78%;-0,06%;-5,00%
República Checa;2019;80,30%;1,60%;81,90%;8,80%;30,90%;40;9,80%;0,50%;-11,11%;0,24%;7,65%;-1,59%;-0,25%;3,16%
República Checa;2020;79,70%;2,10%;81,80%;11,68%;22,50%;40;11,00%;-0,75%;31,25%;-0,12%;32,67%;-27,18%;-0,31%;12,24%
República Checa;2021;80,00%;2,30%;82,20%;11,75%;28,20%;40;10,90%;0,38%;9,52%;0,49%;0,64%;25,33%;-1,43%;-0,91%
República Checa;2022;81,30%;1,80%;83,10%;11,75%;28,40%;40;11,40%;1,62%;-21,74%;1,09%;0,00%;0,71%;0,38%;4,59%
República Checa;2023;81,70%;2,10%;83,80%;12,45%;29,70%;40;10,10%;0,49%;16,67%;0,84%;5,96%;4,58%;-0,44%;-11,40%
República Checa;2024;82,30%;2,10%;84,30%;12,80%;30,00%;39;8,60%;0,73%;0,00%;0,60%;2,81%;1,01%;-0,50%;-14,85%
República Checa;2025;82,90%;2,30%;85,10%;12,88%;30,50%;39;8,00%;0,73%;9,52%;0,95%;0,59%;1,67%;-0,44%;-6,98%
Dinamarca;2009;76,10%;4,70%;80,80%;14,70%;10,00%;35;7,40%;;;;;;;
Dinamarca;2010;74,90%;5,70%;80,60%;14,53%;21,50%;35;8,20%;-1,58%;21,28%;-0,25%;-1,19%;115,00%;0,00%;10,81%
Dinamarca;2011;74,80%;5,60%;80,50%;14,15%;26,10%;35;8,40%;-0,13%;-1,75%;-0,12%;-2,58%;21,40%;-0,07%;2,44%
Dinamarca;2012;74,30%;5,80%;80,10%;13,78%;30,30%;35;9,00%;-0,67%;3,57%;-0,50%;-2,65%;16,09%;-0,21%;7,14%
Dinamarca;2013;74,30%;5,50%;79,80%;13,70%;27,60%;35;8,20%;0,00%;-5,17%;-0,37%;-0,54%;-8,91%;-0,35%;-8,89%
Dinamarca;2014;74,70%;5,20%;79,90%;13,40%;27,40%;35;8,00%;0,54%;-5,45%;0,13%;-2,19%;-0,72%;-0,50%;-2,44%
Dinamarca;2015;75,40%;4,80%;80,20%;13,33%;28,70%;35;8,50%;0,94%;-7,69%;0,38%;-0,56%;4,74%;0,29%;6,25%
Dinamarca;2016;76,00%;4,50%;80,50%;12,75%;23,00%;35;8,40%;0,80%;-6,25%;0,37%;-4,32%;-19,86%;-0,50%;-1,18%
Dinamarca;2017;76,60%;4,30%;80,90%;13,35%;23,60%;35;9,80%;0,79%;-4,44%;0,50%;4,71%;2,61%;-0,07%;16,67%
Dinamarca;2018;77,50%;3,90%;81,30%;11,88%;21,70%;35;9,60%;1,17%;-9,30%;0,49%;-11,05%;-8,05%;-0,14%;-2,04%
Dinamarca;2019;78,30%;3,80%;82,20%;12,50%;18,60%;35;9,60%;1,03%;-2,56%;1,11%;5,26%;-14,29%;-0,65%;0,00%
Dinamarca;2020;77,80%;4,30%;82,10%;14,30%;18,60%;35;10,20%;-0,64%;13,16%;-0,12%;14,40%;0,00%;0,29%;6,25%
Dinamarca;2021;79,00%;3,90%;82,90%;12,50%;22,60%;36;8,40%;1,54%;-9,30%;0,97%;-12,59%;21,51%;2,45%;-17,65%
Dinamarca;2022;80,10%;3,40%;83,50%;13,50%;13,00%;35;7,90%;1,39%;-12,82%;0,72%;8,00%;-42,48%;-0,35%;-5,95%
Dinamarca;2023;79,80%;3,90%;83,70%;12,80%;12,40%;35;8,60%;-0,37%;14,71%;0,24%;-5,19%;-4,62%;-1,27%;8,86%
Dinamarca;2024;80,20%;4,60%;84,80%;13,98%;14,20%;34;8,00%;0,50%;17,95%;1,31%;9,18%;14,52%;-1,36%;-6,98%
Dinamarca;2025;79,80%;4,90%;84,70%;14,73%;16,00%;35;8,90%;-0,50%;6,52%;-0,12%;5,37%;12,68%;0,22%;11,25%
Estonia;2009;70,50%;10,70%;81,20%;7,50%;27,30%;39;17,70%;;;;;;;
Estonia;2010;67,60%;13,40%;81,00%;7,08%;46,00%;39;17,10%;-4,11%;25,23%;-0,25%;-5,67%;68,50%;0,13%;-3,39%
Estonia;2011;71,00%;9,80%;80,80%;5,35%;59,10%;39;14,10%;5,03%;-26,87%;-0,25%;-24,38%;28,48%;-0,19%;-17,54%
Estonia;2012;73,10%;8,00%;81,00%;6,10%;56,30%;39;14,10%;2,96%;-18,37%;0,25%;14,02%;-4,74%;0,32%;0,00%
Estonia;2013;74,10%;6,90%;81,10%;7,03%;45,70%;39;13,50%;1,37%;-13,75%;0,12%;15,16%;-18,83%;0,00%;-4,26%
Estonia;2014;75,00%;5,90%;80,90%;6,50%;46,20%;39;13,20%;1,21%;-14,49%;-0,25%;-7,47%;1,09%;0,06%;-2,22%
Estonia;2015;76,70%;5,10%;81,90%;6,38%;40,10%;39;12,40%;2,27%;-13,56%;1,24%;-1,92%;-13,20%;-0,45%;-6,06%
Estonia;2016;77,00%;5,60%;82,70%;7,10%;32,90%;39;13,30%;0,39%;9,80%;0,98%;11,37%;-17,96%;-0,38%;7,26%
Estonia;2017;79,20%;4,80%;84,00%;7,98%;36,20%;39;10,50%;2,86%;-14,29%;1,57%;12,32%;10,03%;0,06%;-21,05%
Estonia;2018;79,70%;4,30%;84,10%;8,43%;25,00%;39;11,50%;0,63%;-10,42%;0,12%;5,64%;-30,94%;-0,58%;9,52%
Estonia;2019;80,50%;3,70%;84,20%;9,03%;20,80%;38;9,70%;1,00%;-13,95%;0,12%;7,12%;-16,80%;-0,52%;-15,65%
Estonia;2020;79,10%;5,70%;84,90%;9,78%;18,10%;38;11,10%;-1,74%;54,05%;0,83%;8,31%;-12,98%;-0,39%;14,43%
Estonia;2021;79,30%;5,20%;84,50%;11,85%;26,10%;38;11,20%;0,25%;-8,77%;-0,47%;21,23%;44,20%;-0,52%;0,90%
Estonia;2022;81,90%;4,70%;86,60%;12,75%;23,80%;38;10,60%;3,28%;-9,62%;2,49%;7,59%;-8,81%;-0,39%;-5,36%
Estonia;2023;82,10%;5,40%;87,50%;12,18%;21,50%;38;9,60%;0,24%;14,89%;1,04%;-4,51%;-9,66%;-0,39%;-9,43%
Estonia;2024;81,80%;6,50%;88,30%;11,23%;24,90%;38;11,00%;-0,37%;20,37%;0,91%;-7,80%;15,81%;0,33%;14,58%
Estonia;2025;81,70%;6,30%;87,90%;10,80%;25,10%;38;11,20%;-0,12%;-3,08%;-0,45%;-3,79%;0,80%;-0,26%;1,82%
Francia;2009;69,80%;6,50%;76,30%;14,35%;23,60%;38;12,00%;;;;;;;
Francia;2010;69,60%;6,70%;76,30%;13,53%;27,40%;38;12,10%;-0,29%;3,08%;0,00%;-5,75%;16,10%;0,07%;0,83%
Francia;2011;69,50%;6,60%;76,20%;13,55%;28,50%;38;12,00%;-0,14%;-1,49%;-0,13%;0,18%;4,01%;0,00%;-0,83%
Francia;2012;69,70%;7,10%;76,80%;13,30%;28,00%;38;12,40%;0,29%;7,58%;0,79%;-1,85%;-1,75%;-0,20%;3,33%
Francia;2013;69,70%;7,60%;77,30%;13,70%;28,90%;38;13,00%;0,00%;7,04%;0,65%;3,01%;3,21%;-1,05%;4,84%
Francia;2014;70,00%;7,60%;77,60%;13,85%;31,10%;37;13,40%;0,43%;0,00%;0,39%;1,09%;7,61%;-0,66%;3,08%
Francia;2015;70,30%;7,70%;78,00%;14,60%;31,30%;37;13,90%;0,43%;1,32%;0,52%;5,42%;0,64%;-0,07%;3,73%
Francia;2016;70,70%;7,50%;78,20%;13,38%;32,80%;37;13,60%;0,57%;-2,60%;0,26%;-8,39%;4,79%;0,33%;-2,16%
Francia;2017;71,30%;7,10%;78,40%;13,48%;32,60%;37;13,20%;0,85%;-5,33%;0,26%;0,75%;-0,61%;-0,27%;-2,94%
Francia;2018;72,00%;6,80%;78,80%;14,15%;29,60%;37;12,90%;0,98%;-4,23%;0,51%;5,01%;-9,20%;0,20%;-2,27%
Francia;2019;72,30%;6,40%;78,70%;13,80%;28,00%;38;12,40%;0,42%;-5,88%;-0,13%;-2,47%;-5,41%;0,40%;-3,88%
Francia;2020;72,10%;6,00%;78,10%;19,58%;25,40%;38;13,40%;-0,28%;-6,25%;-0,76%;41,85%;-9,29%;-0,07%;8,06%
Francia;2021;73,20%;6,00%;79,20%;15,60%;30,80%;37;12,80%;1,53%;0,00%;1,41%;-20,31%;21,26%;-1,20%;-4,48%
Francia;2022;74,00%;5,50%;79,60%;14,13%;29,10%;37;12,00%;1,09%;-8,33%;0,51%;-9,46%;-5,52%;0,74%;-6,25%
Francia;2023;74,40%;5,60%;79,90%;13,55%;26,10%;37;12,30%;0,54%;1,82%;0,38%;-4,07%;-10,31%;-0,20%;2,50%
Francia;2024;75,10%;5,60%;80,70%;13,70%;24,70%;37;12,50%;0,94%;0,00%;1,00%;1,11%;-5,36%;-0,27%;1,63%
Francia;2025;75,50%;5,90%;81,40%;13,53%;24,30%;37;12,70%;0,53%;5,36%;0,87%;-1,28%;-1,62%;-0,13%;1,60%
Alemania;2009;73,20%;5,70%;78,90%;9,40%;50,60%;36;12,50%;;;;;;;
Alemania;2010;74,00%;5,20%;79,20%;9,15%;52,80%;36;11,90%;1,09%;-8,77%;0,38%;-2,66%;4,35%;0,00%;-4,80%
Alemania;2011;75,40%;4,30%;79,80%;10,60%;54,00%;36;10,70%;1,89%;-17,31%;0,76%;15,85%;2,27%;-0,21%;-10,08%
Alemania;2012;75,80%;4,00%;79,90%;11,48%;51,10%;36;10,20%;0,53%;-6,98%;0,13%;8,25%;-5,37%;0,07%;-4,67%
Alemania;2013;76,30%;3,90%;80,20%;12,00%;50,00%;36;9,60%;0,66%;-2,50%;0,38%;4,58%;-2,15%;-0,56%;-5,88%
Alemania;2014;76,70%;3,80%;80,50%;12,03%;49,70%;36;9,50%;0,52%;-2,56%;0,37%;0,21%;-0,60%;-0,07%;-1,04%
Alemania;2015;77,00%;3,50%;80,50%;12,10%;49,20%;36;9,30%;0,39%;-7,89%;0,00%;0,62%;-1,01%;-0,14%;-2,11%
Alemania;2016;77,60%;3,10%;80,70%;11,45%;46,10%;36;9,80%;0,78%;-11,43%;0,25%;-5,37%;-6,30%;-0,07%;5,38%
Alemania;2017;78,30%;2,80%;81,10%;12,08%;47,40%;36;9,30%;0,90%;-9,68%;0,50%;5,46%;2,82%;-0,35%;-5,10%
Alemania;2018;79,00%;2,50%;81,50%;12,10%;46,60%;35;8,70%;0,89%;-10,71%;0,49%;0,21%;-1,69%;-0,07%;-6,45%
Alemania;2019;79,70%;2,40%;82,10%;12,13%;43,00%;35;8,40%;0,89%;-4,00%;0,74%;0,21%;-7,73%;-0,21%;-3,45%
Alemania;2020;78,30%;2,80%;81,20%;10,58%;33,30%;35;10,10%;-1,76%;16,67%;-1,10%;-12,78%;-22,56%;0,00%;20,24%
Alemania;2021;79,60%;2,90%;82,50%;9,03%;34,00%;35;9,30%;1,66%;3,57%;1,60%;-14,66%;2,10%;0,00%;-7,92%
Alemania;2022;80,80%;2,50%;83,30%;8,28%;35,10%;35;8,60%;1,51%;-13,79%;0,97%;-8,31%;3,24%;-0,14%;-7,53%
Alemania;2023;81,10%;2,50%;83,70%;11,83%;32,50%;35;8,80%;0,37%;0,00%;0,48%;42,90%;-7,41%;-0,71%;2,33%
Alemania;2024;81,30%;2,80%;84,10%;12,13%;28,90%;35;8,70%;0,25%;12,00%;0,48%;2,54%;-11,08%;-0,21%;-1,14%
Alemania;2025;81,40%;3,10%;84,50%;12,23%;28,60%;35;9,20%;0,12%;10,71%;0,48%;0,82%;-1,04%;-0,14%;5,75%
Grecia;2009;65,40%;7,00%;72,40%;4,78%;36,80%;43;15,50%;;;;;;;
Grecia;2010;63,50%;9,40%;72,80%;4,55%;40,60%;42;18,20%;-2,91%;34,29%;0,55%;-4,71%;10,33%;-0,47%;17,42%
Grecia;2011;59,30%;13,00%;72,30%;3,93%;44,90%;42;22,70%;-6,61%;38,30%;-0,69%;-13,74%;10,59%;-0,47%;24,73%
Grecia;2012;54,50%;17,80%;72,40%;4,05%;53,70%;42;26,40%;-8,09%;36,92%;0,14%;3,18%;19,60%;-0,30%;16,30%
Grecia;2013;52,50%;20,00%;72,60%;4,00%;60,90%;42;28,10%;-3,67%;12,36%;0,28%;-1,23%;13,41%;0,30%;6,44%
Grecia;2014;53,10%;19,20%;72,30%;4,18%;66,60%;42;26,30%;1,14%;-4,00%;-0,41%;4,37%;9,36%;-0,30%;-6,41%
Grecia;2015;54,80%;18,20%;73,00%;3,70%;66,10%;42;23,80%;3,20%;-5,21%;0,97%;-11,38%;-0,75%;0,42%;-9,51%
Grecia;2016;55,90%;17,50%;73,40%;4,20%;65,00%;42;21,90%;2,01%;-3,85%;0,55%;13,51%;-1,66%;0,18%;-7,98%
Grecia;2017;57,40%;16,00%;73,40%;4,00%;65,80%;42;21,00%;2,68%;-8,57%;0,00%;-4,76%;1,23%;-0,53%;-4,11%
Grecia;2018;59,00%;14,50%;73,50%;3,98%;63,60%;42;19,20%;2,79%;-9,38%;0,14%;-0,63%;-3,34%;0,00%;-8,57%
Grecia;2019;60,80%;13,30%;74,00%;3,75%;63,20%;42;17,50%;3,05%;-8,28%;0,68%;-5,66%;-0,63%;-0,60%;-8,85%
Grecia;2020;58,30%;12,50%;70,80%;13,75%;60,00%;42;18,50%;-4,11%;-6,02%;-4,32%;266,67%;-5,06%;0,06%;5,71%
Grecia;2021;62,60%;10,80%;73,40%;9,83%;62,80%;41;17,20%;7,38%;-13,60%;3,67%;-28,55%;4,67%;-1,02%;-7,03%
Grecia;2022;66,30%;9,30%;75,60%;5,15%;62,70%;41;15,30%;5,91%;-13,89%;3,00%;-47,58%;-0,16%;-0,97%;-11,05%
Grecia;2023;67,40%;8,30%;75,70%;4,60%;56,30%;41;15,90%;1,66%;-10,75%;0,13%;-10,68%;-10,21%;-0,06%;3,92%
Grecia;2024;69,30%;7,70%;77,00%;4,30%;54,40%;41;14,20%;2,82%;-7,23%;1,72%;-6,52%;-3,37%;0,18%;-10,69%
Grecia;2025;71,00%;6,90%;77,90%;4,68%;56,20%;41;13,50%;2,45%;-10,39%;1,17%;8,72%;3,31%;-0,06%;-4,93%
Hungría;2009;62,50%;6,60%;69,00%;3,85%;42,00%;40;15,50%;;;;;;;
Hungría;2010;62,20%;7,50%;69,70%;3,28%;49,30%;40;15,60%;-0,48%;13,64%;1,01%;-14,94%;17,38%;-0,38%;0,65%
Hungría;2011;62,80%;7,40%;70,20%;3,20%;48,00%;40;15,50%;0,96%;-1,33%;0,72%;-2,29%;-2,64%;-0,69%;-0,64%
Hungría;2012;63,80%;7,50%;71,30%;3,68%;45,90%;40;16,90%;1,59%;1,35%;1,57%;14,84%;-4,38%;-0,06%;9,03%
Hungría;2013;65,20%;7,00%;72,20%;3,25%;49,40%;40;16,70%;2,19%;-6,67%;1,26%;-11,56%;7,63%;0,25%;-1,18%
Hungría;2014;68,70%;5,50%;74,20%;3,20%;48,30%;40;14,70%;5,37%;-21,43%;2,77%;-1,54%;-2,23%;0,57%;-11,98%
Hungría;2015;70,90%;4,90%;75,80%;3,53%;46,60%;40;13,10%;3,20%;-10,91%;2,16%;10,16%;-3,52%;0,19%;-10,88%
Hungría;2016;73,70%;3,80%;77,50%;3,10%;47,70%;40;12,00%;3,95%;-22,45%;2,24%;-12,06%;2,36%;-0,19%;-8,40%
Hungría;2017;75,40%;3,10%;78,50%;3,53%;41,40%;40;11,20%;2,31%;-18,42%;1,29%;13,71%;-13,21%;0,13%;-6,67%
Hungría;2018;76,80%;2,70%;79,50%;3,78%;40,00%;40;10,60%;1,86%;-12,90%;1,27%;7,09%;-3,38%;-0,31%;-5,36%
Hungría;2019;77,70%;2,50%;80,20%;3,90%;33,10%;40;11,00%;1,17%;-7,41%;0,88%;3,31%;-17,25%;-0,13%;3,77%
Hungría;2020;77,60%;3,30%;80,80%;6,13%;26,70%;39;12,40%;-0,13%;32,00%;0,75%;57,05%;-19,34%;-0,57%;12,73%
Hungría;2021;78,90%;3,20%;82,10%;8,05%;32,60%;40;11,70%;1,68%;-3,03%;1,61%;31,43%;22,10%;0,19%;-5,65%
Hungría;2022;80,30%;2,90%;83,20%;7,75%;35,80%;40;10,70%;1,77%;-9,38%;1,34%;-3,73%;9,82%;0,06%;-8,55%
Hungría;2023;80,70%;3,30%;84,00%;7,65%;36,00%;40;10,90%;0,50%;13,79%;0,96%;-1,29%;0,56%;0,00%;1,87%
Hungría;2024;81,10%;3,60%;84,70%;7,13%;35,70%;40;10,90%;0,50%;9,09%;0,83%;-6,86%;-0,83%;-0,06%;0,00%
Hungría;2025;81,10%;3,60%;84,70%;6,55%;33,60%;39;10,60%;0,00%;0,00%;0,00%;-8,07%;-5,88%;-0,19%;-2,75%
Irlanda;2009;68,00%;9,20%;77,20%;9,00%;28,90%;36;20,20%;;;;;;;
Irlanda;2010;65,50%;10,70%;76,20%;8,58%;49,30%;35;21,70%;-3,68%;16,30%;-1,30%;-4,72%;70,59%;-0,49%;7,43%
Irlanda;2011;64,50%;11,30%;75,80%;8,20%;59,50%;35;22,40%;-1,53%;5,61%;-0,52%;-4,37%;20,69%;-0,28%;3,23%
Irlanda;2012;64,50%;11,30%;75,80%;8,55%;61,80%;35;21,60%;0,00%;0,00%;0,00%;4,27%;3,87%;0,35%;-3,57%
Irlanda;2013;66,50%;10,20%;76,70%;8,08%;60,80%;36;18,80%;3,10%;-9,73%;1,19%;-5,56%;-1,62%;0,85%;-12,96%
Irlanda;2014;68,10%;8,80%;77,00%;7,80%;57,90%;36;17,80%;2,41%;-13,73%;0,39%;-3,41%;-4,77%;0,70%;-5,32%
Irlanda;2015;69,80%;7,40%;77,20%;8,23%;56,10%;36;16,50%;2,50%;-15,91%;0,26%;5,45%;-3,11%;0,69%;-7,30%
Irlanda;2016;71,30%;6,30%;77,60%;7,58%;53,40%;36;14,50%;2,15%;-14,86%;0,52%;-7,90%;-4,81%;0,28%;-12,12%
Irlanda;2017;72,90%;5,00%;77,90%;7,50%;47,90%;37;12,80%;2,24%;-20,63%;0,39%;-0,99%;-10,30%;1,03%;-11,72%
Irlanda;2018;74,00%;4,20%;78,20%;8,00%;39,40%;37;11,60%;1,51%;-16,00%;0,39%;6,67%;-17,75%;0,48%;-9,38%
Irlanda;2019;75,00%;3,60%;78,60%;7,58%;34,60%;37;11,40%;1,35%;-14,29%;0,51%;-5,31%;-12,18%;0,14%;-1,72%
Irlanda;2020;72,10%;4,20%;76,30%;15,83%;24,50%;37;14,10%;-3,87%;16,67%;-2,93%;108,91%;-29,19%;-0,07%;23,68%
Irlanda;2021;74,90%;4,60%;79,50%;14,98%;31,20%;37;9,70%;3,88%;9,52%;4,19%;-5,37%;27,35%;-0,74%;-31,21%
Irlanda;2022;78,20%;3,40%;81,60%;8,75%;32,30%;37;8,60%;4,41%;-26,09%;2,64%;-41,57%;3,53%;0,75%;-11,34%
Irlanda;2023;79,10%;3,20%;82,40%;8,50%;29,10%;36;8,50%;1,15%;-5,88%;0,98%;-2,86%;-9,91%;-1,42%;-1,16%
Irlanda;2024;79,80%;3,20%;83,00%;9,08%;24,80%;36;7,50%;0,88%;0,00%;0,73%;6,76%;-14,78%;-0,14%;-11,76%
Irlanda;2025;80,20%;3,50%;83,70%;9,73%;25,80%;36;8,10%;0,50%;9,38%;0,84%;7,16%;4,03%;-0,07%;8,00%
Italia;2009;61,10%;5,00%;66,20%;9,25%;46,70%;38;20,70%;;;;;;;
Italia;2010;60,50%;5,40%;65,90%;8,15%;50,90%;38;22,20%;-0,98%;8,00%;-0,45%;-11,89%;8,99%;-0,53%;7,25%
Italia;2011;60,50%;5,40%;66,00%;7,70%;54,30%;38;22,70%;0,00%;0,00%;0,15%;-5,52%;6,68%;-0,73%;2,25%
Italia;2012;60,20%;7,10%;67,40%;8,58%;55,60%;37;23,90%;-0,50%;31,48%;2,12%;11,36%;2,39%;-1,20%;5,29%
Italia;2013;59,10%;8,10%;67,30%;8,63%;59,60%;37;26,20%;-1,83%;14,08%;-0,15%;0,58%;7,19%;-0,20%;9,62%
Italia;2014;59,50%;8,60%;68,00%;8,55%;64,10%;37;26,30%;0,68%;6,17%;1,04%;-0,87%;7,55%;-0,07%;0,38%
Italia;2015;60,20%;8,10%;68,30%;8,50%;61,50%;37;25,80%;1,18%;-5,81%;0,44%;-0,58%;-4,06%;0,14%;-1,90%
Italia;2016;61,40%;8,00%;69,40%;7,53%;60,60%;37;24,40%;1,99%;-1,23%;1,61%;-11,47%;-1,46%;0,00%;-5,43%
Italia;2017;62,30%;7,80%;70,00%;7,38%;61,30%;37;24,20%;1,47%;-2,50%;0,86%;-1,99%;1,16%;0,40%;-0,82%
Italia;2018;63,00%;7,30%;70,30%;7,40%;61,40%;37;23,50%;1,12%;-6,41%;0,43%;0,34%;0,16%;0,20%;-2,89%
Italia;2019;63,50%;6,90%;70,50%;7,53%;59,20%;37;22,30%;0,79%;-5,48%;0,28%;1,69%;-3,58%;-0,20%;-5,11%
Italia;2020;61,90%;6,30%;68,20%;14,28%;54,50%;37;23,50%;-2,52%;-8,70%;-3,26%;89,70%;-7,94%;-0,60%;5,38%
Italia;2021;62,70%;6,50%;69,30%;8,58%;57,60%;37;23,10%;1,29%;3,17%;1,61%;-39,93%;5,69%;0,88%;-1,70%
Italia;2022;64,80%;5,60%;70,40%;6,83%;58,40%;37;19,00%;3,35%;-13,85%;1,59%;-20,41%;1,39%;0,13%;-17,75%
Italia;2023;66,30%;5,40%;71,70%;6,28%;56,00%;37;16,10%;2,31%;-3,57%;1,85%;-8,06%;-4,11%;0,13%;-15,26%
Italia;2024;67,10%;4,60%;71,70%;5,03%;51,50%;37;15,20%;1,21%;-14,81%;0,00%;-19,92%;-8,04%;-0,47%;-5,59%
Italia;2025;67,60%;4,40%;72,00%;3,85%;51,00%;37;13,30%;0,75%;-4,35%;0,42%;-23,38%;-0,97%;0,07%;-12,50%
Letonia;2009;66,30%;14,00%;80,30%;5,53%;28,90%;40;20,80%;;;;;;;
Letonia;2010;63,90%;15,40%;79,40%;5,20%;50,30%;39;20,70%;-3,62%;10,00%;-1,12%;-5,88%;74,05%;-1,70%;-0,48%
Letonia;2011;66,10%;12,80%;78,90%;4,98%;61,30%;39;19,10%;3,44%;-16,88%;-0,63%;-4,33%;21,87%;0,06%;-7,73%
Letonia;2012;67,90%;11,90%;79,80%;5,58%;58,70%;39;17,20%;2,72%;-7,03%;1,14%;12,06%;-4,24%;-0,32%;-9,95%
Letonia;2013;69,50%;9,40%;78,90%;5,35%;53,80%;39;15,60%;2,36%;-21,01%;-1,13%;-4,04%;-8,35%;0,39%;-9,30%
Letonia;2014;70,60%;8,70%;79,30%;5,35%;47,20%;39;15,20%;1,58%;-7,45%;0,51%;0,00%;-12,27%;0,58%;-2,56%
Letonia;2015;72,50%;8,00%;80,50%;6,83%;50,40%;39;13,80%;2,69%;-8,05%;1,51%;27,57%;6,78%;0,06%;-9,21%
Letonia;2016;73,00%;8,00%;81,10%;7,13%;45,90%;39;13,30%;0,69%;0,00%;0,75%;4,40%;-8,93%;-0,64%;-3,62%
Letonia;2017;74,60%;7,20%;81,90%;6,90%;41,60%;39;12,30%;2,19%;-10,00%;0,99%;-3,16%;-9,37%;0,19%;-7,52%
Letonia;2018;76,80%;6,30%;83,00%;6,55%;46,60%;39;11,60%;2,95%;-12,50%;1,34%;-5,07%;12,02%;0,13%;-5,69%
Letonia;2019;77,30%;5,30%;82,60%;7,53%;42,80%;39;10,20%;0,65%;-15,87%;-0,48%;14,89%;-8,15%;-0,58%;-12,07%
Letonia;2020;76,90%;6,90%;83,80%;9,90%;30,60%;39;11,90%;-0,52%;30,19%;1,45%;31,56%;-28,50%;-0,06%;16,67%
Letonia;2021;75,30%;6,30%;81,60%;9,08%;30,70%;39;12,10%;-2,08%;-8,70%;-2,63%;-8,33%;0,33%;-0,06%;1,68%
Letonia;2022;77,00%;5,70%;82,70%;7,55%;29,70%;39;11,30%;2,26%;-9,52%;1,35%;-16,80%;-3,26%;0,58%;-6,61%
Letonia;2023;77,50%;5,50%;83,10%;7,58%;27,70%;39;10,00%;0,65%;-3,51%;0,48%;0,33%;-6,73%;-0,32%;-11,50%
Letonia;2024;77,40%;5,90%;83,40%;7,05%;33,00%;39;10,70%;-0,13%;7,27%;0,36%;-6,93%;19,13%;-0,19%;7,00%
Letonia;2025;78,20%;6,00%;84,20%;6,93%;34,90%;39;11,00%;1,03%;1,69%;0,96%;-1,77%;5,76%;-0,19%;2,80%
Lituania;2009;67,00%;10,60%;77,60%;7,40%;24,30%;39;15,00%;;;;;;;
Lituania;2010;64,30%;13,90%;78,20%;6,33%;42,20%;39;17,00%;-4,03%;31,13%;0,77%;-14,53%;73,66%;-0,58%;13,33%
Lituania;2011;66,90%;12,20%;79,10%;6,93%;52,80%;38;14,70%;4,04%;-12,23%;1,15%;9,49%;25,12%;-0,65%;-13,53%
Lituania;2012;68,50%;10,70%;79,10%;6,55%;50,00%;38;13,90%;2,39%;-12,30%;0,00%;-5,42%;-5,30%;-0,13%;-5,44%
Lituania;2013;69,90%;9,40%;79,30%;7,10%;43,30%;38;13,70%;2,04%;-12,15%;0,25%;8,40%;-13,40%;0,20%;-1,44%
Lituania;2014;71,80%;8,70%;80,50%;7,28%;45,10%;38;12,90%;2,72%;-7,45%;1,51%;2,46%;4,16%;-0,20%;-5,84%
Lituania;2015;73,30%;7,50%;80,80%;6,20%;43,20%;38;11,80%;2,09%;-13,79%;0,37%;-14,78%;-4,21%;0,72%;-8,53%
Lituania;2016;75,20%;6,50%;81,70%;5,80%;38,80%;39;10,70%;2,59%;-13,33%;1,11%;-6,45%;-10,19%;0,39%;-9,32%
Lituania;2017;76,00%;5,90%;81,90%;6,25%;38,20%;39;10,20%;1,06%;-9,23%;0,24%;7,76%;-1,55%;0,19%;-4,67%
Lituania;2018;77,80%;5,20%;83,10%;6,28%;32,80%;39;9,30%;2,37%;-11,86%;1,47%;0,40%;-14,14%;0,52%;-8,82%
Lituania;2019;78,20%;5,30%;83,50%;6,50%;31,30%;39;10,90%;0,51%;1,92%;0,48%;3,59%;-4,57%;0,39%;17,20%
Lituania;2020;76,70%;7,30%;84,00%;9,98%;29,50%;39;13,00%;-1,92%;37,74%;0,60%;53,46%;-5,75%;0,13%;19,27%
Lituania;2021;77,40%;6,10%;83,50%;7,75%;37,30%;39;12,70%;0,91%;-16,44%;-0,60%;-22,31%;26,44%;0,06%;-2,31%
Lituania;2022;79,00%;5,10%;84,10%;8,15%;39,70%;39;10,70%;2,07%;-16,39%;0,72%;5,16%;6,43%;0,19%;-15,75%
Lituania;2023;78,50%;5,90%;84,40%;7,73%;34,00%;39;13,50%;-0,63%;15,69%;0,36%;-5,21%;-14,36%;-0,19%;26,17%
Lituania;2024;79,20%;6,10%;85,30%;6,88%;33,90%;39;14,70%;0,89%;3,39%;1,07%;-11,00%;-0,29%;0,19%;8,89%
Lituania;2025;80,00%;6,00%;85,90%;5,98%;37,00%;39;12,40%;1,01%;-1,64%;0,70%;-13,09%;9,14%;-0,13%;-15,65%
Luxemburgo;2009;70,40%;3,60%;74,00%;11,60%;24,40%;37;7,50%;;;;;;;
Luxemburgo;2010;70,70%;3,10%;73,80%;12,10%;29,80%;37;6,10%;0,43%;-13,89%;-0,27%;4,31%;22,13%;-0,13%;-18,67%
Luxemburgo;2011;70,10%;3,50%;73,60%;12,95%;29,40%;37;6,60%;-0,85%;12,90%;-0,27%;7,02%;-1,34%;-0,40%;8,20%
Luxemburgo;2012;71,40%;3,80%;75,20%;11,93%;31,40%;37;7,60%;1,85%;8,57%;2,17%;-7,92%;6,80%;0,54%;15,15%
Luxemburgo;2013;71,10%;4,30%;75,40%;11,33%;31,10%;37;7,20%;-0,42%;13,16%;0,27%;-5,03%;-0,96%;0,07%;-5,26%
Luxemburgo;2014;72,10%;4,30%;76,30%;11,25%;28,40%;38;6,50%;1,41%;0,00%;1,19%;-0,66%;-8,68%;0,60%;-9,72%
Luxemburgo;2015;70,90%;4,80%;75,70%;9,43%;30,00%;38;7,60%;-1,66%;11,63%;-0,79%;-16,22%;5,63%;-0,07%;16,92%
Luxemburgo;2016;70,70%;4,50%;75,10%;7,73%;37,00%;38;6,80%;-0,28%;-6,25%;-0,79%;-18,04%;23,33%;0,07%;-10,53%
Luxemburgo;2017;71,50%;4,00%;75,50%;8,90%;40,00%;38;6,60%;1,13%;-11,11%;0,53%;15,21%;8,11%;-0,33%;-2,94%
Luxemburgo;2018;72,10%;4,00%;76,10%;8,70%;26,00%;38;7,50%;0,84%;0,00%;0,79%;-2,25%;-35,00%;0,67%;13,64%
Luxemburgo;2019;72,80%;4,10%;76,80%;8,53%;23,40%;38;6,50%;0,97%;2,50%;0,92%;-2,01%;-10,00%;0,73%;-13,33%
Luxemburgo;2020;72,10%;5,00%;77,10%;11,18%;26,60%;38;7,70%;-0,96%;21,95%;0,39%;31,09%;13,68%;-1,18%;18,46%
Luxemburgo;2021;74,10%;3,80%;77,90%;8,13%;35,90%;38;8,80%;2,77%;-24,00%;1,04%;-27,29%;34,96%;1,80%;14,29%
Luxemburgo;2022;74,80%;3,20%;78,00%;7,93%;31,30%;38;6,80%;0,94%;-15,79%;0,13%;-2,46%;-12,81%;-0,39%;-22,73%
Luxemburgo;2023;74,80%;3,60%;78,50%;8,18%;36,20%;38;8,50%;0,00%;12,50%;0,64%;3,15%;15,65%;-0,07%;25,00%
Luxemburgo;2024;74,20%;4,60%;78,80%;8,05%;27,70%;38;9,80%;-0,80%;27,78%;0,38%;-1,53%;-23,48%;-0,13%;15,29%
Luxemburgo;2025;73,90%;4,80%;78,70%;8,38%;31,70%;38;8,70%;-0,40%;4,35%;-0,13%;4,04%;14,44%;-0,07%;-11,22%
Malta;2009;59,00%;3,70%;62,70%;0,00%;46,60%;39;12,60%;;;;;;;
Malta;2010;60,10%;3,90%;64,00%;1,15%;61,70%;39;12,20%;1,86%;5,41%;2,07%;#¡DIV/0!;32,40%;0,19%;-3,17%
Malta;2011;61,60%;3,70%;65,30%;1,68%;62,70%;39;12,10%;2,50%;-5,13%;2,03%;45,65%;1,62%;-0,13%;-0,82%
Malta;2012;63,90%;3,60%;67,50%;1,85%;62,70%;39;12,00%;3,73%;-2,70%;3,37%;10,45%;0,00%;-0,19%;-0,83%
Malta;2013;66,20%;3,90%;70,10%;1,73%;59,90%;39;10,90%;3,60%;8,33%;3,85%;-6,76%;-4,47%;-0,96%;-9,17%
Malta;2014;67,90%;3,80%;71,70%;2,15%;53,20%;39;11,60%;2,57%;-2,56%;2,28%;24,64%;-11,19%;-0,71%;6,42%
Malta;2015;69,00%;3,60%;72,60%;1,65%;54,00%;39;11,80%;1,62%;-5,26%;1,26%;-23,26%;1,50%;1,04%;1,72%
Malta;2016;71,10%;3,20%;74,30%;1,28%;53,50%;39;9,40%;3,04%;-11,11%;2,34%;-22,73%;-0,93%;0,39%;-20,34%
Malta;2017;73,00%;2,70%;75,80%;1,15%;52,90%;39;8,80%;2,67%;-15,63%;2,02%;-9,80%;-1,12%;0,32%;-6,38%
Malta;2018;74,90%;2,80%;77,70%;3,43%;51,80%;39;7,40%;2,60%;3,70%;2,51%;197,83%;-2,08%;0,64%;-15,91%
Malta;2019;75,60%;3,00%;78,50%;5,70%;25,80%;40;8,50%;0,93%;7,14%;1,03%;66,42%;-50,19%;1,46%;14,86%
Malta;2020;76,00%;3,70%;79,70%;7,98%;25,90%;40;9,70%;0,53%;23,33%;1,53%;39,91%;0,39%;-0,12%;14,12%
Malta;2021;77,80%;2,80%;80,70%;8,25%;26,70%;40;10,50%;2,37%;-24,32%;1,25%;3,45%;3,09%;-1,00%;8,25%
Malta;2022;80,10%;2,70%;82,70%;7,13%;35,20%;39;7,60%;2,96%;-3,57%;2,48%;-13,64%;31,84%;-0,95%;-27,62%
Malta;2023;81,30%;2,70%;84,00%;8,65%;23,90%;39;7,60%;1,50%;0,00%;1,57%;21,40%;-32,10%;-0,06%;0,00%
Malta;2024;82,70%;2,50%;85,20%;7,88%;22,20%;39;7,20%;1,72%;-7,41%;1,43%;-8,96%;-7,11%;0,32%;-5,26%
Malta;2025;83,60%;2,50%;86,00%;6,80%;21,70%;40;8,50%;1,09%;0,00%;0,94%;-13,65%;-2,25%;0,64%;18,06%
Países Bajos;2009;77,60%;3,80%;81,40%;12,23%;20,50%;32;6,50%;;;;;;;
Países Bajos;2010;77,00%;4,30%;81,30%;12,25%;23,10%;32;6,80%;-0,77%;13,16%;-0,12%;0,20%;12,68%;-0,93%;4,62%
Países Bajos;2011;77,20%;4,30%;81,50%;12,20%;28,50%;32;6,50%;0,26%;0,00%;0,25%;-0,41%;23,38%;-0,39%;-4,41%
Países Bajos;2012;77,50%;5,00%;82,40%;12,25%;30,10%;32;7,20%;0,39%;16,28%;1,10%;0,41%;5,61%;-0,47%;10,77%
Países Bajos;2013;76,70%;6,20%;82,90%;11,78%;32,30%;32;8,20%;-1,03%;24,00%;0,61%;-3,88%;7,31%;-0,86%;13,89%
Países Bajos;2014;76,30%;6,30%;82,60%;11,33%;36,30%;32;8,20%;-0,52%;1,61%;-0,36%;-3,82%;12,38%;0,71%;0,00%
Países Bajos;2015;77,20%;6,00%;83,10%;11,25%;39,90%;32;7,30%;1,18%;-4,76%;0,61%;-0,66%;9,92%;-0,24%;-10,98%
Países Bajos;2016;77,90%;5,20%;83,20%;11,03%;38,20%;32;6,90%;0,91%;-13,33%;0,12%;-2,00%;-4,26%;0,87%;-5,48%
Países Bajos;2017;78,90%;4,30%;83,20%;11,00%;35,10%;32;6,50%;1,28%;-17,31%;0,00%;-0,23%;-8,12%;0,16%;-5,80%
Países Bajos;2018;80,00%;3,60%;83,60%;11,18%;30,10%;32;6,30%;1,39%;-16,28%;0,48%;1,59%;-14,25%;0,39%;-3,08%
Países Bajos;2019;81,00%;3,20%;84,20%;10,70%;23,80%;32;6,30%;1,25%;-11,11%;0,72%;-4,25%;-20,93%;0,31%;0,00%
Países Bajos;2020;80,80%;3,50%;84,30%;11,28%;18,80%;32;6,30%;-0,25%;9,38%;0,12%;5,37%;-21,01%;-0,77%;0,00%
Países Bajos;2021;81,70%;3,00%;84,60%;9,65%;23,40%;33;3,90%;1,11%;-14,29%;0,36%;-14,41%;24,47%;2,89%;-38,10%
Países Bajos;2022;82,90%;2,50%;85,40%;11,80%;22,70%;33;4,20%;1,47%;-16,67%;0,95%;22,28%;-2,99%;0,68%;7,69%
Países Bajos;2023;83,50%;2,50%;86,10%;12,25%;16,50%;33;4,70%;0,72%;0,00%;0,82%;3,81%;-27,31%;-0,15%;11,90%
Países Bajos;2024;83,50%;2,60%;86,10%;12,75%;16,00%;33;4,90%;0,00%;4,00%;0,00%;4,08%;-3,03%;-0,30%;4,26%
Países Bajos;2025;83,40%;2,80%;86,30%;12,90%;15,60%;33;5,30%;-0,12%;7,69%;0,23%;1,18%;-2,50%;0,00%;8,16%
Macedonia del Norte;2009;47,90%;22,20%;70,10%;4,00%;83,60%;44;32,80%;;;;;;;
Macedonia del Norte;2010;48,10%;22,30%;70,30%;4,83%;84,70%;43;31,80%;0,42%;0,45%;0,29%;20,63%;1,32%;-1,09%;-3,05%
Macedonia del Norte;2011;48,40%;21,70%;70,10%;4,33%;84,30%;43;31,60%;0,62%;-2,69%;-0,28%;-10,36%;-0,47%;-0,98%;-0,63%
Macedonia del Norte;2012;48,20%;21,40%;69,60%;3,63%;83,60%;42;32,10%;-0,41%;-1,38%;-0,71%;-16,18%;-0,83%;-1,34%;1,58%
Macedonia del Norte;2013;50,30%;20,10%;70,40%;3,35%;83,80%;42;31,30%;4,36%;-6,07%;1,15%;-7,59%;0,24%;0,24%;-2,49%
Macedonia del Norte;2014;51,30%;19,50%;70,80%;3,15%;84,70%;42;31,90%;1,99%;-2,99%;0,57%;-5,97%;1,07%;-0,77%;1,92%
Macedonia del Norte;2015;51,90%;18,30%;70,20%;2,58%;82,90%;42;32,50%;1,17%;-6,15%;-0,85%;-18,25%;-2,13%;-0,24%;1,88%
Macedonia del Norte;2016;53,30%;16,30%;69,60%;2,58%;81,90%;42;31,30%;2,70%;-10,93%;-0,85%;0,00%;-1,21%;-0,36%;-3,69%
Macedonia del Norte;2017;54,80%;15,50%;70,30%;3,05%;78,90%;43;31,10%;2,81%;-4,91%;1,01%;18,45%;-3,66%;1,80%;-0,64%
Macedonia del Norte;2018;56,10%;14,40%;70,40%;4,85%;75,70%;42;29,80%;2,37%;-7,10%;0,14%;59,02%;-4,06%;-0,59%;-4,18%
Macedonia del Norte;2019;59,20%;12,30%;71,50%;3,65%;72,50%;42;24,50%;5,53%;-14,58%;1,56%;-24,74%;-4,23%;-1,83%;-17,79%
Macedonia del Norte;2020;59,10%;11,50%;70,50%;10,70%;76,50%;41;26,20%;-0,17%;-6,50%;-1,40%;193,15%;5,52%;-1,51%;6,94%
Macedonia del Norte;2021;61,20%;11,10%;72,30%;5,20%;84,80%;41;23,60%;3,55%;-3,48%;2,55%;-51,40%;10,85%;-0,18%;-9,92%
Macedonia del Norte;2022;61,80%;10,30%;72,10%;4,90%;83,20%;41;22,80%;0,98%;-7,21%;-0,28%;-5,77%;-1,89%;0,00%;-3,39%
Macedonia del Norte;2023;61,70%;9,20%;71,00%;4,55%;73,00%;41;24,10%;-0,16%;-10,68%;-1,53%;-7,14%;-12,26%;-0,12%;5,70%
Macedonia del Norte;2024;62,70%;8,70%;71,30%;5,00%;66,10%;41;22,60%;1,62%;-5,43%;0,42%;9,89%;-9,45%;0,31%;-6,22%
Macedonia del Norte;2025;63,70%;8,10%;71,90%;4,93%;69,70%;41;23,40%;1,59%;-6,90%;0,84%;-1,50%;5,45%;-0,37%;3,54%
Noruega;2009;80,90%;2,40%;83,30%;17,40%;27,50%;35;7,40%;;;;;;;
Noruega;2010;80,00%;2,80%;82,80%;16,78%;32,10%;35;7,90%;-1,11%;16,67%;-0,60%;-3,59%;16,73%;-0,29%;6,76%
Noruega;2011;80,40%;2,50%;82,90%;16,53%;37,80%;35;7,80%;0,50%;-10,71%;0,12%;-1,49%;17,76%;0,07%;-1,27%
Noruega;2012;80,40%;2,50%;82,90%;16,38%;30,10%;35;7,60%;0,00%;0,00%;0,00%;-0,91%;-20,37%;0,36%;-2,56%
Noruega;2013;80,20%;2,80%;83,00%;16,90%;32,30%;35;8,30%;-0,25%;12,00%;0,12%;3,21%;7,31%;0,00%;9,21%
Noruega;2014;80,10%;2,80%;82,90%;16,43%;34,50%;35;8,40%;-0,12%;0,00%;-0,12%;-2,81%;6,81%;0,43%;1,20%
Noruega;2015;79,70%;3,50%;83,20%;16,68%;35,20%;35;8,30%;-0,50%;25,00%;0,36%;1,52%;2,03%;-0,50%;-1,19%
Noruega;2016;79,40%;3,50%;83,00%;16,13%;39,80%;35;8,40%;-0,38%;0,00%;-0,24%;-3,30%;13,07%;0,00%;1,20%
Noruega;2017;79,20%;3,10%;82,30%;16,30%;42,70%;35;7,70%;-0,25%;-11,43%;-0,84%;1,09%;7,29%;0,22%;-8,33%
Noruega;2018;80,00%;2,90%;82,90%;16,28%;40,50%;35;7,60%;1,01%;-6,45%;0,73%;-0,15%;-5,15%;-0,36%;-1,30%
Noruega;2019;80,20%;2,80%;83,00%;16,63%;36,30%;35;7,50%;0,25%;-3,45%;0,12%;2,15%;-10,37%;-0,29%;-1,32%
Noruega;2020;79,70%;3,50%;83,10%;18,73%;29,70%;35;7,80%;-0,62%;25,00%;0,12%;12,63%;-18,18%;0,00%;4,00%
Noruega;2021;80,00%;3,10%;83,00%;18,18%;28,50%;35;7,40%;0,38%;-11,43%;-0,12%;-2,94%;-4,04%;2,10%;-5,13%
Noruega;2022;80,90%;2,20%;83,10%;18,23%;23,20%;36;6,80%;1,13%;-29,03%;0,12%;0,28%;-18,60%;0,78%;-8,11%
Noruega;2023;80,40%;2,40%;82,70%;18,48%;16,80%;36;6,40%;-0,62%;9,09%;-0,48%;1,37%;-27,59%;0,07%;-5,88%
Noruega;2024;80,00%;2,60%;82,60%;18,75%;19,70%;36;6,80%;-0,50%;8,33%;-0,12%;1,49%;17,26%;0,56%;6,25%
Noruega;2025;79,50%;2,80%;82,30%;18,58%;20,70%;36;6,90%;-0,63%;7,69%;-0,36%;-0,93%;5,08%;0,28%;1,47%
Polonia;2009;62,60%;5,70%;68,30%;5,38%;31,10%;41;14,30%;;;;;;;
Polonia;2010;62,20%;6,80%;68,90%;5,60%;31,90%;41;14,90%;-0,64%;19,30%;0,88%;4,19%;2,57%;-0,37%;4,20%
Polonia;2011;62,50%;6,80%;69,30%;5,23%;38,00%;41;15,40%;0,48%;0,00%;0,58%;-6,70%;19,12%;-0,06%;3,36%
Polonia;2012;62,90%;7,20%;70,10%;5,63%;41,30%;41;15,90%;0,64%;5,88%;1,15%;7,66%;8,68%;0,24%;3,25%
Polonia;2013;63,20%;7,40%;70,50%;5,95%;43,30%;41;16,40%;0,48%;2,78%;0,57%;5,78%;4,84%;0,12%;3,14%
Polonia;2014;64,90%;6,50%;71,40%;6,00%;43,50%;41;15,70%;2,69%;-12,16%;1,28%;0,84%;0,46%;-0,06%;-4,27%
Polonia;2015;66,30%;5,40%;71,80%;6,08%;40,20%;41;14,90%;2,16%;-16,92%;0,56%;1,25%;-7,59%;-0,06%;-5,10%
Polonia;2016;68,20%;4,50%;72,60%;6,23%;36,00%;41;14,00%;2,87%;-16,67%;1,11%;2,47%;-10,45%;-0,06%;-6,04%
Polonia;2017;70,00%;3,60%;73,60%;6,63%;31,70%;41;13,00%;2,64%;-20,00%;1,38%;6,43%;-11,94%;-0,49%;-7,14%
Polonia;2018;71,40%;2,90%;74,20%;7,10%;27,50%;41;12,20%;2,00%;-19,44%;0,82%;7,17%;-13,25%;-0,25%;-6,15%
Polonia;2019;72,60%;2,40%;75,00%;6,93%;21,80%;41;11,40%;1,68%;-17,24%;1,08%;-2,46%;-20,73%;-0,12%;-6,56%
Polonia;2020;72,80%;2,40%;75,20%;9,68%;20,20%;40;12,50%;0,28%;0,00%;0,27%;39,71%;-7,34%;-0,62%;9,65%
Polonia;2021;75,50%;2,60%;78,10%;6,45%;26,90%;40;13,20%;3,71%;8,33%;3,86%;-33,33%;33,17%;0,19%;5,60%
Polonia;2022;76,70%;2,20%;79,00%;5,83%;31,00%;40;10,70%;1,59%;-15,38%;1,15%;-9,69%;15,24%;0,12%;-18,94%
Polonia;2023;77,90%;2,20%;80,10%;5,98%;27,90%;40;9,10%;1,56%;0,00%;1,39%;2,58%;-10,00%;-0,49%;-14,95%
Polonia;2024;78,40%;2,30%;80,60%;6,23%;28,00%;40;9,40%;0,64%;4,55%;0,62%;4,18%;0,36%;-0,19%;3,30%
Polonia;2025;78,80%;2,50%;81,30%;6,15%;27,30%;40;9,20%;0,51%;8,70%;0,87%;-1,20%;-2,50%;-0,25%;-2,13%
Portugal;2009;67,60%;8,10%;75,70%;7,50%;45,80%;40;12,60%;;;;;;;
Portugal;2010;66,90%;9,20%;76,10%;7,40%;53,60%;40;13,30%;-1,04%;13,58%;0,53%;-1,33%;17,03%;0,06%;5,56%
Portugal;2011;66,60%;10,10%;76,80%;8,40%;49,90%;40;13,90%;-0,45%;9,78%;0,92%;13,51%;-6,90%;0,76%;4,51%
Portugal;2012;64,00%;12,40%;76,40%;8,65%;49,90%;40;15,60%;-3,90%;22,77%;-0,52%;2,98%;0,00%;-0,06%;12,23%
Portugal;2013;63,40%;13,00%;76,30%;8,60%;58,00%;40;16,50%;-0,94%;4,84%;-0,13%;-0,58%;16,23%;0,63%;5,77%
Portugal;2014;66,10%;11,00%;77,10%;8,73%;60,90%;40;14,60%;4,26%;-15,38%;1,05%;1,45%;5,00%;0,81%;-11,52%
Portugal;2015;67,90%;9,90%;77,80%;8,65%;59,00%;40;13,10%;2,72%;-10,00%;0,91%;-0,86%;-3,12%;-0,93%;-10,27%
Portugal;2016;69,50%;8,90%;78,40%;9,05%;57,00%;40;12,70%;2,36%;-10,10%;0,77%;4,62%;-3,39%;-0,37%;-3,05%
Portugal;2017;72,50%;7,20%;79,60%;8,93%;51,40%;40;10,60%;4,32%;-19,10%;1,53%;-1,38%;-9,82%;0,31%;-16,54%
Portugal;2018;74,60%;5,60%;80,20%;9,13%;45,80%;40;9,50%;2,90%;-22,22%;0,75%;2,24%;-10,89%;0,12%;-10,38%
Portugal;2019;75,40%;5,20%;80,60%;8,83%;44,00%;40;9,10%;1,07%;-7,14%;0,50%;-3,29%;-3,93%;-0,31%;-4,21%
Portugal;2020;73,90%;5,50%;79,40%;14,70%;33,70%;40;11,00%;-1,99%;5,77%;-1,49%;66,57%;-23,41%;-0,56%;20,88%
Portugal;2021;75,50%;5,40%;80,90%;12,55%;44,10%;40;9,70%;2,17%;-1,82%;1,89%;-14,63%;30,86%;0,50%;-11,82%
Portugal;2022;77,10%;5,00%;82,10%;11,08%;46,90%;40;8,50%;2,12%;-7,41%;1,48%;-11,75%;6,35%;-0,06%;-12,37%
Portugal;2023;78,00%;5,30%;83,30%;10,40%;38,90%;40;8,90%;1,17%;6,00%;1,46%;-6,09%;-17,06%;-0,19%;4,71%
Portugal;2024;78,50%;5,30%;83,70%;10,60%;38,30%;40;8,70%;0,64%;0,00%;0,48%;1,92%;-1,54%;-0,31%;-2,25%
Portugal;2025;79,60%;5,00%;84,60%;10,45%;37,80%;40;8,00%;1,40%;-5,66%;1,08%;-1,42%;-1,31%;0,00%;-8,05%
Rumanía;2009;53,90%;4,70%;58,60%;2,35%;31,70%;41;17,90%;;;;;;;
Rumanía;2010;56,30%;5,40%;61,70%;1,98%;34,70%;40;24,20%;4,45%;14,89%;5,29%;-15,96%;9,46%;-0,55%;35,20%
Rumanía;2011;56,00%;5,40%;61,50%;1,75%;40,90%;40;24,40%;-0,53%;0,00%;-0,32%;-11,39%;17,87%;0,06%;0,83%
Rumanía;2012;56,80%;5,20%;62,00%;1,63%;43,80%;40;24,30%;1,43%;-3,70%;0,81%;-7,14%;7,09%;-0,12%;-0,41%
Rumanía;2013;56,90%;5,40%;62,30%;1,65%;44,80%;40;24,50%;0,18%;3,85%;0,48%;1,54%;2,28%;-0,31%;0,82%
Rumanía;2014;58,00%;5,20%;63,20%;1,85%;41,10%;40;24,80%;1,93%;-3,70%;1,44%;12,12%;-8,26%;-0,12%;1,22%
Rumanía;2015;59,20%;5,20%;64,40%;1,68%;43,50%;40;25,80%;2,07%;0,00%;1,90%;-9,46%;5,84%;-0,44%;4,03%
Rumanía;2016;60,30%;4,40%;64,80%;1,50%;49,60%;40;24,30%;1,86%;-15,38%;0,62%;-10,45%;14,02%;0,06%;-5,81%
Rumanía;2017;62,70%;3,90%;66,60%;1,65%;41,10%;40;22,10%;3,98%;-11,36%;2,78%;10,00%;-17,14%;-0,31%;-9,05%
Rumanía;2018;63,90%;3,30%;67,20%;1,68%;42,80%;40;21,30%;1,91%;-15,38%;0,90%;1,52%;4,14%;-0,19%;-3,62%
Rumanía;2019;65,10%;3,10%;68,20%;1,65%;42,00%;40;20,90%;1,88%;-6,06%;1,49%;-1,49%;-1,87%;0,38%;-1,88%
Rumanía;2020;65,20%;4,00%;69,10%;4,70%;29,60%;40;20,60%;0,15%;29,03%;1,32%;184,85%;-29,52%;-0,19%;-1,44%
Rumanía;2021;67,10%;3,70%;70,80%;1,78%;37,60%;40;20,30%;2,91%;-7,50%;2,46%;-62,23%;27,03%;0,50%;-1,46%
Rumanía;2022;68,50%;3,80%;72,30%;1,98%;40,00%;40;19,80%;2,09%;2,70%;2,12%;11,27%;6,38%;0,06%;-2,46%
Rumanía;2023;68,70%;3,80%;72,50%;2,05%;40,10%;40;19,30%;0,29%;0,00%;0,28%;3,80%;0,25%;-0,19%;-2,53%
Rumanía;2024;69,50%;3,60%;73,10%;2,30%;36,10%;40;19,40%;1,16%;-5,26%;0,83%;12,20%;-9,98%;-0,25%;0,52%
Rumanía;2025;69,00%;4,10%;73,10%;2,43%;36,50%;40;19,20%;-0,72%;13,89%;0,00%;5,43%;1,11%;-0,12%;-1,03%
Eslovaquia;2009;68,30%;9,00%;77,30%;6,05%;64,10%;41;16,50%;;;;;;;
Eslovaquia;2010;66,50%;10,80%;77,30%;5,45%;76,00%;41;18,20%;-2,64%;20,00%;0,00%;-9,92%;18,56%;-0,31%;10,30%
Eslovaquia;2011;66,80%;10,10%;76,90%;5,38%;80,60%;41;18,00%;0,45%;-6,48%;-0,52%;-1,38%;6,05%;-0,06%;-1,10%
Eslovaquia;2012;66,90%;10,50%;77,40%;5,90%;79,40%;41;18,00%;0,15%;3,96%;0,65%;9,77%;-1,49%;0,37%;0,00%
Eslovaquia;2013;66,90%;10,70%;77,60%;6,03%;82,90%;41;18,30%;0,00%;1,90%;0,26%;2,12%;4,41%;-0,06%;1,67%
Eslovaquia;2014;67,80%;10,00%;77,80%;6,45%;83,20%;41;17,50%;1,35%;-6,54%;0,26%;7,05%;0,36%;-0,61%;-4,37%
Eslovaquia;2015;69,60%;8,80%;78,40%;6,63%;78,10%;40;16,40%;2,65%;-12,00%;0,77%;2,71%;-6,13%;-0,62%;-6,29%
Eslovaquia;2016;71,80%;7,50%;79,30%;6,60%;71,70%;40;15,10%;3,16%;-14,77%;1,15%;-0,38%;-8,19%;-0,37%;-7,93%
Eslovaquia;2017;73,20%;6,20%;79,50%;6,63%;73,60%;40;15,10%;1,95%;-17,33%;0,25%;0,38%;2,65%;-0,44%;0,00%
Eslovaquia;2018;74,50%;5,00%;79,60%;7,25%;72,80%;40;13,80%;1,78%;-19,35%;0,13%;9,43%;-1,09%;0,38%;-8,61%
Eslovaquia;2019;75,60%;4,40%;80,00%;6,65%;68,90%;40;13,70%;1,48%;-12,00%;0,50%;-8,28%;-5,36%;0,25%;-0,72%
Eslovaquia;2020;74,60%;5,20%;79,80%;12,30%;56,40%;40;14,40%;-1,32%;18,18%;-0,25%;84,96%;-18,14%;-0,44%;5,11%
Eslovaquia;2021;74,60%;5,40%;80,00%;12,28%;57,30%;40;14,20%;0,00%;3,85%;0,25%;-0,20%;1,60%;-1,00%;-1,39%
Eslovaquia;2022;76,70%;4,90%;81,60%;10,93%;67,60%;40;12,30%;2,82%;-9,26%;2,00%;-11,00%;17,98%;-0,06%;-13,38%
Eslovaquia;2023;77,50%;4,70%;82,20%;10,08%;66,90%;40;11,20%;1,04%;-4,08%;0,74%;-7,78%;-1,04%;0,00%;-8,94%
Eslovaquia;2024;78,10%;4,20%;82,40%;9,38%;67,00%;40;10,70%;0,77%;-10,64%;0,24%;-6,95%;0,15%;-0,19%;-4,46%
Eslovaquia;2025;78,10%;4,40%;82,50%;8,53%;64,70%;40;11,10%;0,00%;4,76%;0,12%;-9,07%;-3,43%;0,00%;3,74%
Eslovenia;2009;71,40%;4,40%;75,80%;12,40%;31,70%;40;8,00%;;;;;;;
Eslovenia;2010;69,70%;5,50%;75,10%;11,80%;45,90%;40;8,00%;-2,38%;25,00%;-0,92%;-4,84%;44,79%;-0,87%;0,00%
Eslovenia;2011;67,80%;6,10%;73,90%;10,55%;46,50%;40;8,00%;-2,73%;10,91%;-1,60%;-10,59%;1,31%;0,06%;0,00%
Eslovenia;2012;67,80%;6,60%;74,40%;9,10%;49,50%;40;10,10%;0,00%;8,20%;0,68%;-13,74%;6,45%;0,19%;26,25%
Eslovenia;2013;66,70%;7,60%;74,30%;8,60%;52,80%;40;11,00%;-1,62%;15,15%;-0,13%;-5,49%;6,67%;-0,06%;8,91%
Eslovenia;2014;67,30%;7,30%;74,60%;10,43%;56,00%;40;11,00%;0,90%;-3,95%;0,40%;21,22%;6,06%;-0,50%;0,00%
Eslovenia;2015;68,60%;6,80%;75,40%;10,65%;53,50%;40;10,50%;1,93%;-6,85%;1,07%;2,16%;-4,46%;-0,25%;-4,55%
Eslovenia;2016;69,50%;6,10%;75,60%;10,60%;55,00%;40;9,30%;1,31%;-10,29%;0,27%;-0,47%;2,80%;-0,13%;-11,43%
Eslovenia;2017;72,90%;5,10%;78,00%;10,40%;49,60%;40;7,90%;4,89%;-16,39%;3,17%;-1,89%;-9,82%;-0,25%;-15,05%
Eslovenia;2018;74,90%;4,10%;78,90%;10,78%;44,50%;40;7,50%;2,74%;-19,61%;1,15%;3,61%;-10,28%;0,13%;-5,06%
Eslovenia;2019;75,90%;3,50%;79,30%;11,20%;44,50%;40;7,50%;1,34%;-14,63%;0,51%;3,94%;0,00%;0,51%;0,00%
Eslovenia;2020;74,80%;3,90%;78,70%;16,73%;39,30%;40;7,90%;-1,45%;11,43%;-0,76%;49,33%;-11,69%;-0,25%;5,33%
Eslovenia;2021;76,10%;3,70%;79,80%;9,60%;40,40%;40;7,30%;1,74%;-5,13%;1,40%;-42,60%;2,80%;0,06%;-7,59%
Eslovenia;2022;77,90%;3,10%;81,10%;10,23%;41,00%;40;8,40%;2,37%;-16,22%;1,63%;6,51%;1,49%;-0,13%;15,07%
Eslovenia;2023;77,50%;2,70%;80,20%;12,85%;40,70%;40;7,80%;-0,51%;-12,90%;-1,11%;25,67%;-0,73%;-0,25%;-7,14%
Eslovenia;2024;78,30%;2,70%;81,00%;12,90%;33,70%;40;7,60%;1,03%;0,00%;1,00%;0,39%;-17,20%;0,00%;-2,56%
Eslovenia;2025;78,30%;2,90%;81,20%;13,38%;31,60%;39;7,60%;0,00%;7,41%;0,25%;3,68%;-6,23%;-0,19%;0,00%
España;2009;64,00%;13,30%;77,20%;8,98%;24,20%;39;19,90%;;;;;;;
España;2010;62,80%;15,00%;77,80%;8,75%;37,30%;39;20,00%;-1,88%;12,78%;0,78%;-2,51%;54,13%;-0,51%;0,50%
España;2011;62,00%;16,40%;78,30%;8,20%;42,40%;39;20,60%;-1,27%;9,33%;0,64%;-6,29%;13,67%;-0,58%;3,00%
España;2012;59,60%;19,10%;78,80%;8,15%;45,00%;38;22,20%;-3,87%;16,46%;0,64%;-0,61%;6,13%;-0,78%;7,77%
España;2013;58,60%;20,20%;78,80%;8,10%;50,40%;38;22,50%;-1,68%;5,76%;0,00%;-0,61%;12,00%;-0,46%;1,35%
España;2014;59,90%;19,00%;78,90%;7,85%;53,60%;38;20,70%;2,22%;-5,94%;0,13%;-3,09%;6,35%;-0,13%;-8,00%
España;2015;62,00%;17,10%;79,10%;7,68%;52,50%;38;19,40%;3,51%;-10,00%;0,25%;-2,23%;-2,05%;-0,39%;-6,28%
España;2016;63,90%;15,30%;79,20%;7,88%;49,30%;38;18,10%;3,06%;-10,53%;0,13%;2,61%;-6,10%;-0,07%;-6,70%
España;2017;65,50%;13,30%;78,90%;8,23%;45,50%;38;16,40%;2,50%;-13,07%;-0,38%;4,44%;-7,71%;-0,26%;-9,39%
España;2018;67,00%;11,80%;78,80%;8,30%;42,70%;38;15,30%;2,29%;-11,28%;-0,13%;0,91%;-6,15%;0,13%;-6,71%
España;2019;68,00%;10,90%;78,90%;8,60%;38,70%;38;14,90%;1,49%;-7,63%;0,13%;3,61%;-9,37%;-0,46%;-2,61%
España;2020;65,70%;11,80%;77,50%;15,88%;32,60%;38;17,30%;-3,38%;8,26%;-1,77%;84,59%;-15,76%;-0,20%;16,11%
España;2021;67,50%;11,60%;79,00%;11,48%;42,60%;37;14,20%;2,74%;-1,69%;1,94%;-27,72%;30,67%;-0,13%;-17,92%
España;2022;69,30%;10,10%;79,40%;11,28%;40,00%;38;12,70%;2,67%;-12,93%;0,51%;-1,74%;-6,10%;0,87%;-10,56%
España;2023;70,50%;9,50%;80,10%;11,25%;35,90%;38;12,30%;1,73%;-5,94%;0,88%;-0,22%;-10,25%;-0,26%;-3,15%
España;2024;71,40%;8,80%;80,20%;11,80%;34,50%;38;12,00%;1,28%;-7,37%;0,12%;4,89%;-3,90%;-0,20%;-2,44%
España;2025;72,40%;8,30%;80,70%;11,85%;33,00%;38;11,50%;1,40%;-5,68%;0,62%;0,42%;-4,35%;-0,13%;-4,17%
Turquía;2009;47,80%;6,60%;54,50%;3,68%;23,50%;50;38,10%;;;;;;;
Turquía;2010;50,00%;5,80%;55,90%;3,58%;27,10%;49;35,20%;4,60%;-12,12%;2,57%;-2,72%;15,32%;-0,25%;-7,61%
Turquía;2011;52,20%;4,90%;57,20%;3,48%;24,90%;49;32,70%;4,40%;-15,52%;2,33%;-2,80%;-8,12%;-0,66%;-7,10%
Turquía;2012;52,80%;4,60%;57,40%;3,03%;22,80%;49;31,70%;1,15%;-6,12%;0,35%;-12,95%;-8,43%;-1,02%;-3,06%
Turquía;2013;53,40%;5,00%;58,40%;3,38%;22,50%;48;29,30%;1,14%;8,70%;1,74%;11,57%;-1,32%;-1,03%;-7,57%
Turquía;2014;53,20%;5,70%;58,90%;3,43%;21,50%;48;28,40%;-0,37%;14,00%;0,86%;1,48%;-4,44%;-0,31%;-3,07%
Turquía;2015;53,90%;6,00%;59,90%;3,48%;22,00%;48;27,90%;1,32%;5,26%;1,70%;1,46%;2,33%;-0,52%;-1,76%
Turquía;2016;54,40%;6,50%;60,90%;4,03%;21,60%;47;27,80%;0,93%;8,33%;1,67%;15,83%;-1,82%;-1,21%;-0,36%
Turquía;2017;55,30%;6,60%;61,90%;3,78%;22,90%;47;27,50%;1,65%;1,54%;1,64%;-6,21%;6,02%;-0,74%;-1,08%
Turquía;2018;55,60%;6,70%;62,30%;4,15%;23,20%;46;27,60%;0,54%;1,52%;0,65%;9,93%;1,31%;-1,66%;0,36%
Turquía;2019;53,80%;8,40%;62,20%;4,68%;24,50%;46;29,50%;-3,24%;25,37%;-0,16%;12,65%;5,60%;-0,60%;6,88%
Turquía;2020;51,00%;7,60%;58,70%;10,28%;25,80%;45;32,00%;-5,20%;-9,52%;-5,63%;119,79%;5,31%;-1,91%;8,47%
Turquía;2021;53,90%;7,30%;61,20%;7,35%;32,00%;45;28,40%;5,69%;-3,95%;4,26%;-28,47%;24,03%;1,34%;-11,25%
Turquía;2022;56,50%;6,60%;63,10%;5,60%;25,20%;45;27,20%;4,82%;-9,59%;3,10%;-23,81%;-21,25%;-0,28%;-4,23%
Turquía;2023;57,30%;5,90%;63,10%;6,23%;22,80%;45;25,80%;1,42%;-10,61%;0,00%;11,16%;-9,52%;-0,44%;-5,15%
Turquía;2024;58,50%;5,50%;64,00%;7,55%;20,60%;44;25,90%;2,09%;-6,78%;1,43%;21,29%;-9,65%;-1,66%;0,39%
Turquía;2025;58,10%;5,20%;63,40%;7,15%;19,30%;44;26,30%;-0,68%;-5,45%;-0,94%;-5,30%;-6,31%;-0,56%;1,54%